representation,gallery,condition,rank1_mean,rank1_lo,rank1_hi,auc_mean,auc_lo,auc_hi,tar_at_far_mean,tar_at_far_lo,tar_at_far_hi,far_observed_mean,far_observed_lo,far_observed_hi,tar_fixed_mean,tar_fixed_lo,tar_fixed_hi,far_fixed_mean,far_fixed_lo,far_fixed_hi
vgg16_flat,clean,none,0.174915,0.152059,0.195692,0.692278,0.670595,0.705642,0.050594,0.042360,0.059911,0.009992,0.009992,0.009992,0.260229,0.220628,0.303714,0.106072,0.088902,0.127091
vgg16_flat,clean,eye_bar,0.138922,0.116171,0.157937,0.668329,0.649923,0.677934,0.000679,0.000000,0.001698,0.000029,0.000000,0.000070,0.041341,0.024491,0.056515,0.010032,0.006266,0.014365
vgg16_flat,clean,eyes_nose_bar,0.131027,0.111481,0.148812,0.658407,0.641895,0.669348,0.000509,0.000000,0.001698,0.000010,0.000000,0.000028,0.023132,0.010505,0.034529,0.005572,0.003677,0.008128
vgg16_flat,clean,blur_mild,0.137606,0.107640,0.165535,0.663781,0.645261,0.676002,0.000127,0.000000,0.000849,0.000001,0.000000,0.000014,0.008531,0.002950,0.012733,0.001471,0.000863,0.002199
vgg16_flat,clean,blur_strong,0.127844,0.100891,0.150424,0.665008,0.648475,0.678615,0.000000,0.000000,0.000000,0.000000,0.000000,0.000000,0.000042,0.000000,0.000446,0.000004,0.000000,0.000021
vgg16_flat,clean,face_box,0.107767,0.082343,0.127101,0.657325,0.639952,0.669817,0.000000,0.000000,0.000000,0.000000,0.000000,0.000000,0.000000,0.000000,0.000000,0.000000,0.000000,0.000000
vgg16_flat,matched,none,0.174915,0.152059,0.195692,0.692278,0.670595,0.705642,0.050594,0.042360,0.059911,0.009992,0.009992,0.009992,0.260229,0.220628,0.303714,0.106072,0.088902,0.127091
vgg16_flat,matched,eye_bar,0.171774,0.146732,0.192466,0.691619,0.672627,0.707399,0.097199,0.082576,0.121604,0.020084,0.017040,0.025249,0.456367,0.408659,0.502992,0.206258,0.188842,0.226108
vgg16_flat,matched,eyes_nose_bar,0.161800,0.139495,0.178714,0.687481,0.668699,0.702954,0.077250,0.064028,0.087436,0.014740,0.012620,0.017849,0.381537,0.347156,0.431537,0.163200,0.144996,0.187371
vgg16_flat,matched,blur_mild,0.173302,0.139728,0.196180,0.704268,0.681431,0.720643,0.003311,0.001252,0.005942,0.000013,0.000000,0.000042,0.055433,0.030306,0.077292,0.006873,0.004291,0.010335
vgg16_flat,matched,blur_strong,0.156621,0.127250,0.187733,0.693474,0.673210,0.710800,0.006239,0.003396,0.009784,0.000050,0.000014,0.000119,0.099194,0.066447,0.129075,0.016320,0.012362,0.023215
vgg16_flat,matched,face_box,0.135314,0.111205,0.168081,0.681319,0.662067,0.698182,0.011375,0.005900,0.016978,0.000296,0.000138,0.000598,0.172878,0.139771,0.211948,0.042577,0.031247,0.053901
vgg16_gap,clean,none,0.167360,0.137076,0.193272,0.720407,0.693423,0.741374,0.062733,0.050446,0.074788,0.009992,0.009992,0.009992,,,,,,
vgg16_gap,clean,eye_bar,0.126570,0.101740,0.152122,0.687066,0.665821,0.703654,0.000000,0.000000,0.000000,0.000000,0.000000,0.000000,,,,,,
vgg16_gap,clean,eyes_nose_bar,0.106876,0.073069,0.135548,0.661613,0.641381,0.675541,0.000000,0.000000,0.000000,0.000000,0.000000,0.000000,,,,,,
vgg16_gap,clean,blur_mild,0.094864,0.072390,0.124109,0.652478,0.633678,0.665362,0.000000,0.000000,0.000000,0.000001,0.000000,0.000014,,,,,,
vgg16_gap,clean,blur_strong,0.066299,0.043612,0.088137,0.628284,0.611603,0.638940,0.000000,0.000000,0.000000,0.000000,0.000000,0.000000,,,,,,
vgg16_gap,clean,face_box,0.053608,0.021626,0.074194,0.605409,0.591469,0.614998,0.000000,0.000000,0.000000,0.000000,0.000000,0.000000,,,,,,
vgg16_gap,matched,none,0.167360,0.137076,0.193272,0.720407,0.693423,0.741374,0.062733,0.050446,0.074788,0.009992,0.009992,0.009992,,,,,,
vgg16_gap,matched,eye_bar,0.183786,0.161927,0.206367,0.730241,0.708055,0.752608,0.064346,0.050488,0.075149,0.007458,0.005919,0.010072,,,,,,
vgg16_gap,matched,eyes_nose_bar,0.165153,0.142975,0.196753,0.720211,0.697516,0.744103,0.061927,0.045798,0.078141,0.007790,0.006062,0.011550,,,,,,
vgg16_gap,matched,blur_mild,0.153693,0.134083,0.182407,0.720016,0.699918,0.738628,0.007003,0.002059,0.014431,0.000148,0.000034,0.000294,,,,,,
vgg16_gap,matched,blur_strong,0.144525,0.120501,0.166469,0.702009,0.680869,0.729069,0.017615,0.006346,0.028056,0.000472,0.000215,0.000879,,,,,,
vgg16_gap,matched,face_box,0.110059,0.086545,0.141532,0.665197,0.650444,0.685002,0.037818,0.022475,0.052313,0.004963,0.002075,0.008161,,,,,,
eigenfaces,clean,none,0.116469,0.093379,0.133404,0.683887,0.665497,0.710727,0.101188,0.078014,0.119737,0.009992,0.009992,0.009992,,,,,,
eigenfaces,clean,eye_bar,0.062564,0.034359,0.082067,0.614999,0.595869,0.632661,0.040577,0.027483,0.058340,0.007267,0.002788,0.016785,,,,,,
eigenfaces,clean,eyes_nose_bar,0.047368,0.024851,0.061163,0.592233,0.575961,0.606011,0.035526,0.025467,0.050573,0.008732,0.004358,0.020710,,,,,,
eigenfaces,clean,blur_mild,0.101995,0.074406,0.117636,0.670418,0.649567,0.698759,0.090068,0.064389,0.110441,0.010266,0.009495,0.010827,,,,,,
eigenfaces,clean,blur_strong,0.069185,0.053438,0.087967,0.623513,0.597359,0.650480,0.057980,0.041023,0.075042,0.009581,0.007617,0.011148,,,,,,
eigenfaces,clean,face_box,0.050594,0.039771,0.058616,0.583359,0.559820,0.594690,0.036715,0.021138,0.055348,0.008196,0.005475,0.012613,,,,,,
eigenfaces,matched,none,0.116469,0.093379,0.133404,0.683887,0.665497,0.710727,0.101188,0.078014,0.119737,0.009992,0.009992,0.009992,,,,,,
eigenfaces,matched,eye_bar,0.077334,0.061439,0.094970,0.601156,0.589376,0.617025,0.995246,0.990174,0.997453,0.995231,0.993540,0.997193,,,,,,
eigenfaces,matched,eyes_nose_bar,0.073430,0.058001,0.092381,0.591667,0.579506,0.606915,0.999236,0.995756,1.000000,0.999847,0.999699,0.999980,,,,,,
eigenfaces,matched,blur_mild,0.099321,0.075021,0.116787,0.665166,0.644315,0.693249,0.123345,0.096116,0.147390,0.019792,0.018130,0.021570,,,,,,
eigenfaces,matched,blur_strong,0.082216,0.061354,0.095968,0.636378,0.614954,0.662755,0.298642,0.257322,0.346880,0.132449,0.119628,0.150598,,,,,,
eigenfaces,matched,face_box,0.070161,0.055730,0.082874,0.602871,0.587274,0.618970,0.982555,0.970649,0.991511,0.969314,0.956111,0.978589,,,,,,
pixels,clean,none,0.094864,0.079351,0.110845,0.640919,0.616787,0.659759,0.046647,0.034359,0.062012,0.009992,0.009992,0.009992,,,,,,
pixels,clean,eye_bar,0.085569,0.069164,0.101188,0.639599,0.613710,0.658468,0.007216,0.003799,0.011885,0.000343,0.000125,0.000694,,,,,,
pixels,clean,eyes_nose_bar,0.064007,0.049512,0.078587,0.628161,0.604438,0.645591,0.001486,0.000000,0.004244,0.000039,0.000000,0.000155,,,,,,
pixels,clean,blur_mild,0.088879,0.072835,0.101507,0.637478,0.612985,0.656421,0.049533,0.036503,0.062861,0.011868,0.011351,0.012290,,,,,,
pixels,clean,blur_strong,0.080688,0.064792,0.093867,0.633818,0.608472,0.652538,0.029117,0.018676,0.038200,0.006282,0.004864,0.007369,,,,,,
pixels,clean,face_box,0.040025,0.025424,0.059232,0.582257,0.567725,0.593865,0.001104,0.000000,0.004733,0.000214,0.000000,0.000677,,,,,,
pixels,matched,none,0.094864,0.079351,0.110845,0.640919,0.616787,0.659759,0.046647,0.034359,0.062012,0.009992,0.009992,0.009992,,,,,,
pixels,matched,eye_bar,0.084465,0.069037,0.097220,0.640125,0.615193,0.659083,0.144355,0.114474,0.192190,0.043480,0.036766,0.055969,,,,,,
pixels,matched,eyes_nose_bar,0.081282,0.064919,0.096986,0.635452,0.611109,0.653569,0.302462,0.259762,0.381282,0.142235,0.109539,0.194533,,,,,,
pixels,matched,blur_mild,0.087691,0.073684,0.103332,0.636192,0.611167,0.654944,0.059380,0.045352,0.076040,0.015449,0.014372,0.016457,,,,,,
pixels,matched,blur_strong,0.080815,0.064474,0.097262,0.635805,0.609622,0.654649,0.045076,0.032661,0.058616,0.010585,0.009660,0.011449,,,,,,
pixels,matched,face_box,0.073430,0.058362,0.090683,0.615013,0.594021,0.631261,0.434847,0.388625,0.530985,0.274255,0.212758,0.359965,,,,,,
