representation,gallery,condition,draw,rank1,auc,tar_at_far,far_observed,tar_fixed,far_fixed
vgg16_flat,clean,none,0,0.167233,0.691894,0.052632,0.009992,0.222411,0.092446
vgg16_flat,clean,eye_bar,0,0.138370,0.671697,0.000849,0.000014,0.037351,0.008016
vgg16_flat,clean,eyes_nose_bar,0,0.129032,0.658952,0.001698,0.000000,0.022920,0.005191
vgg16_flat,clean,blur_mild,0,0.146010,0.664722,0.000000,0.000000,0.011885,0.001058
vgg16_flat,clean,blur_strong,0,0.139219,0.665819,0.000000,0.000000,0.000000,0.000000
vgg16_flat,clean,face_box,0,0.118846,0.656706,0.000000,0.000000,0.000000,0.000000
vgg16_flat,clean,none,1,0.179966,0.695582,0.053480,0.009992,0.298812,0.117510
vgg16_flat,clean,eye_bar,1,0.140068,0.670713,0.000000,0.000000,0.057725,0.012775
vgg16_flat,clean,eyes_nose_bar,1,0.118846,0.661254,0.000000,0.000000,0.037351,0.008113
vgg16_flat,clean,blur_mild,1,0.165535,0.667832,0.000000,0.000000,0.012733,0.002199
vgg16_flat,clean,blur_strong,1,0.143463,0.672291,0.000000,0.000000,0.000000,0.000000
vgg16_flat,clean,face_box,1,0.119694,0.663034,0.000000,0.000000,0.000000,0.000000
vgg16_flat,clean,none,2,0.158744,0.673709,0.048387,0.009992,0.219015,0.093281
vgg16_flat,clean,eye_bar,2,0.113752,0.649620,0.000000,0.000070,0.028014,0.007459
vgg16_flat,clean,eyes_nose_bar,2,0.120543,0.646786,0.000000,0.000028,0.012733,0.003757
vgg16_flat,clean,blur_mild,2,0.115450,0.649422,0.000000,0.000000,0.007640,0.001225
vgg16_flat,clean,blur_strong,2,0.114601,0.651543,0.000000,0.000000,0.000000,0.000000
vgg16_flat,clean,face_box,2,0.109508,0.644831,0.000000,0.000000,0.000000,0.000000
vgg16_flat,clean,none,3,0.170628,0.691226,0.057725,0.009992,0.280985,0.107852
vgg16_flat,clean,eye_bar,3,0.140068,0.671062,0.000000,0.000028,0.040747,0.009018
vgg16_flat,clean,eyes_nose_bar,3,0.129032,0.660284,0.000000,0.000014,0.022071,0.004398
vgg16_flat,clean,blur_mild,3,0.142615,0.664874,0.000849,0.000000,0.005942,0.001280
vgg16_flat,clean,blur_strong,3,0.123090,0.669853,0.000000,0.000000,0.000000,0.000000
vgg16_flat,clean,face_box,3,0.095925,0.659928,0.000000,0.000000,0.000000,0.000000
vgg16_flat,clean,none,4,0.163837,0.693363,0.047538,0.009992,0.260611,0.109229
vgg16_flat,clean,eye_bar,4,0.127334,0.665282,0.000849,0.000028,0.033956,0.009338
vgg16_flat,clean,eyes_nose_bar,4,0.114601,0.653330,0.000000,0.000000,0.017827,0.004189
vgg16_flat,clean,blur_mild,4,0.122241,0.660387,0.000849,0.000014,0.006791,0.001642
vgg16_flat,clean,blur_strong,4,0.104414,0.659507,0.000000,0.000000,0.000000,0.000000
vgg16_flat,clean,face_box,4,0.082343,0.647681,0.000000,0.000000,0.000000,0.000000
vgg16_flat,clean,none,5,0.146010,0.667776,0.061121,0.009992,0.228353,0.091152
vgg16_flat,clean,eye_bar,5,0.120543,0.650258,0.001698,0.000042,0.040747,0.007209
vgg16_flat,clean,eyes_nose_bar,5,0.108659,0.637470,0.001698,0.000028,0.023769,0.004314
vgg16_flat,clean,blur_mild,5,0.111205,0.641495,0.000849,0.000000,0.009338,0.000932
vgg16_flat,clean,blur_strong,5,0.098472,0.645700,0.000000,0.000000,0.000849,0.000014
vgg16_flat,clean,face_box,5,0.082343,0.635539,0.000000,0.000000,0.000000,0.000000
vgg16_flat,clean,none,6,0.176570,0.694724,0.045840,0.009992,0.254669,0.101617
vgg16_flat,clean,eye_bar,6,0.133277,0.674038,0.000000,0.000028,0.022071,0.008336
vgg16_flat,clean,eyes_nose_bar,6,0.131579,0.661368,0.000000,0.000014,0.008489,0.004189
vgg16_flat,clean,blur_mild,6,0.135823,0.666508,0.000000,0.000000,0.002547,0.000863
vgg16_flat,clean,blur_strong,6,0.127334,0.663758,0.000000,0.000000,0.000000,0.000000
vgg16_flat,clean,face_box,6,0.110357,0.652818,0.000000,0.000000,0.000000,0.000000
vgg16_flat,clean,none,7,0.159593,0.690980,0.046689,0.009992,0.222411,0.086866
vgg16_flat,clean,eye_bar,7,0.129032,0.664604,0.001698,0.000000,0.034805,0.008030
vgg16_flat,clean,eyes_nose_bar,7,0.115450,0.655704,0.001698,0.000000,0.026316,0.004300
vgg16_flat,clean,blur_mild,7,0.116299,0.651927,0.000000,0.000000,0.005942,0.001113
vgg16_flat,clean,blur_strong,7,0.114601,0.656929,0.000000,0.000000,0.000000,0.000000
vgg16_flat,clean,face_box,7,0.106112,0.654525,0.000000,0.000000,0.000000,0.000000
vgg16_flat,clean,none,8,0.195246,0.691692,0.047538,0.009992,0.254669,0.106557
vgg16_flat,clean,eye_bar,8,0.157046,0.669137,0.000849,0.000042,0.052632,0.013708
vgg16_flat,clean,eyes_nose_bar,8,0.138370,0.656762,0.000000,0.000014,0.026316,0.007598
vgg16_flat,clean,blur_mild,8,0.150255,0.663274,0.000000,0.000000,0.011885,0.002004
vgg16_flat,clean,blur_strong,8,0.129881,0.664819,0.000000,0.000000,0.000000,0.000014
vgg16_flat,clean,face_box,8,0.117997,0.658943,0.000000,0.000000,0.000000,0.000000
vgg16_flat,clean,none,9,0.163837,0.692331,0.040747,0.009992,0.239389,0.099891
vgg16_flat,clean,eye_bar,9,0.118846,0.664796,0.000000,0.000056,0.041596,0.011843
vgg16_flat,clean,eyes_nose_bar,9,0.115450,0.658275,0.000000,0.000014,0.021222,0.006457
vgg16_flat,clean,blur_mild,9,0.104414,0.656512,0.000000,0.000014,0.011885,0.001879
vgg16_flat,clean,blur_strong,9,0.103565,0.658088,0.000000,0.000000,0.000000,0.000000
vgg16_flat,clean,face_box,9,0.093379,0.652102,0.000000,0.000000,0.000000,0.000000
vgg16_flat,clean,none,10,0.167233,0.692742,0.055178,0.009992,0.308149,0.110134
vgg16_flat,clean,eye_bar,10,0.143463,0.669441,0.000000,0.000056,0.052632,0.010437
vgg16_flat,clean,eyes_nose_bar,10,0.136672,0.659176,0.000000,0.000000,0.029711,0.006402
vgg16_flat,clean,blur_mild,10,0.137521,0.669798,0.000000,0.000000,0.007640,0.001211
vgg16_flat,clean,blur_strong,10,0.129032,0.667092,0.000000,0.000000,0.000000,0.000000
vgg16_flat,clean,face_box,10,0.108659,0.662422,0.000000,0.000000,0.000000,0.000000
vgg16_flat,clean,none,11,0.191851,0.704563,0.048387,0.009992,0.278438,0.118790
vgg16_flat,clean,eye_bar,11,0.155348,0.677636,0.000849,0.000014,0.046689,0.012399
vgg16_flat,clean,eyes_nose_bar,11,0.142615,0.666973,0.000000,0.000000,0.031409,0.006958
vgg16_flat,clean,blur_mild,11,0.149406,0.666881,0.000000,0.000000,0.011885,0.001976
vgg16_flat,clean,blur_strong,11,0.141766,0.667084,0.000000,0.000000,0.000000,0.000000
vgg16_flat,clean,face_box,11,0.113752,0.658994,0.000000,0.000000,0.000000,0.000000
vgg16_flat,clean,none,12,0.180815,0.691446,0.049236,0.009992,0.287776,0.128670
vgg16_flat,clean,eye_bar,12,0.119694,0.667303,0.000849,0.000000,0.053480,0.013680
vgg16_flat,clean,eyes_nose_bar,12,0.134975,0.656965,0.000849,0.000000,0.028862,0.007640
vgg16_flat,clean,blur_mild,12,0.134126,0.668279,0.000000,0.000000,0.012733,0.001517
vgg16_flat,clean,blur_strong,12,0.129032,0.670865,0.000000,0.000000,0.000000,0.000014
vgg16_flat,clean,face_box,12,0.105263,0.664747,0.000000,0.000000,0.000000,0.000000
vgg16_flat,clean,none,13,0.186757,0.699126,0.052632,0.009992,0.268251,0.098597
vgg16_flat,clean,eye_bar,13,0.145161,0.673674,0.001698,0.000042,0.042445,0.009171
vgg16_flat,clean,eyes_nose_bar,13,0.135823,0.663716,0.001698,0.000000,0.022920,0.005177
vgg16_flat,clean,blur_mild,13,0.155348,0.675514,0.000000,0.000000,0.009338,0.001447
vgg16_flat,clean,blur_strong,13,0.153650,0.679753,0.000000,0.000000,0.000000,0.000000
vgg16_flat,clean,face_box,13,0.110357,0.668229,0.000000,0.000000,0.000000,0.000000
vgg16_flat,clean,none,14,0.167233,0.699037,0.051783,0.009992,0.270798,0.102271
vgg16_flat,clean,eye_bar,14,0.137521,0.674259,0.001698,0.000014,0.027165,0.005413
vgg16_flat,clean,eyes_nose_bar,14,0.138370,0.662354,0.001698,0.000000,0.018676,0.003604
vgg16_flat,clean,blur_mild,14,0.139219,0.671527,0.000000,0.000000,0.006791,0.000863
vgg16_flat,clean,blur_strong,14,0.129032,0.670155,0.000000,0.000000,0.000000,0.000000
vgg16_flat,clean,face_box,14,0.106112,0.663312,0.000000,0.000000,0.000000,0.000000
vgg16_flat,clean,none,15,0.196095,0.698349,0.044143,0.009992,0.235993,0.095383
vgg16_flat,clean,eye_bar,15,0.154499,0.672863,0.000000,0.000070,0.031409,0.007863
vgg16_flat,clean,eyes_nose_bar,15,0.140917,0.663454,0.000000,0.000028,0.014431,0.004203
vgg16_flat,clean,blur_mild,15,0.165535,0.671068,0.000000,0.000000,0.003396,0.001322
vgg16_flat,clean,blur_strong,15,0.146859,0.671760,0.000000,0.000000,0.000000,0.000014
vgg16_flat,clean,face_box,15,0.130730,0.663446,0.000000,0.000000,0.000000,0.000000
vgg16_flat,clean,none,16,0.181664,0.691254,0.058574,0.009992,0.280985,0.125344
vgg16_flat,clean,eye_bar,16,0.151952,0.668193,0.000849,0.000014,0.047538,0.011063
vgg16_flat,clean,eyes_nose_bar,16,0.143463,0.659988,0.000000,0.000028,0.029711,0.005775
vgg16_flat,clean,blur_mild,16,0.138370,0.664316,0.000000,0.000000,0.011036,0.001684
vgg16_flat,clean,blur_strong,16,0.133277,0.665707,0.000000,0.000000,0.000000,0.000000
vgg16_flat,clean,face_box,16,0.123090,0.660056,0.000000,0.000000,0.000000,0.000000
vgg16_flat,clean,none,17,0.185908,0.687365,0.050085,0.009992,0.267402,0.117760
vgg16_flat,clean,eye_bar,17,0.147708,0.667566,0.000849,0.000014,0.044992,0.010048
vgg16_flat,clean,eyes_nose_bar,17,0.139219,0.659849,0.000000,0.000000,0.022920,0.005497
vgg16_flat,clean,blur_mild,17,0.132428,0.664265,0.000000,0.000000,0.006791,0.001809
vgg16_flat,clean,blur_strong,17,0.137521,0.664516,0.000000,0.000000,0.000000,0.000000
vgg16_flat,clean,face_box,17,0.110357,0.659039,0.000000,0.000000,0.000000,0.000000
vgg16_flat,clean,none,18,0.180815,0.691779,0.053480,0.009992,0.242784,0.103538
vgg16_flat,clean,eye_bar,18,0.146010,0.666236,0.000849,0.000056,0.035654,0.009881
vgg16_flat,clean,eyes_nose_bar,18,0.133277,0.653984,0.000849,0.000028,0.015280,0.005539
vgg16_flat,clean,blur_mild,18,0.134975,0.660580,0.000000,0.000000,0.005093,0.001197
vgg16_flat,clean,blur_strong,18,0.113752,0.657569,0.000000,0.000000,0.000000,0.000000
vgg16_flat,clean,face_box,18,0.097623,0.648885,0.000000,0.000000,0.000000,0.000000
vgg16_flat,clean,none,19,0.178268,0.706618,0.046689,0.009992,0.282683,0.114559
vgg16_flat,clean,eye_bar,19,0.158744,0.678203,0.000000,0.000000,0.055178,0.014960
vgg16_flat,clean,eyes_nose_bar,19,0.153650,0.671496,0.000000,0.000000,0.029711,0.008141
vgg16_flat,clean,blur_mild,19,0.155348,0.676445,0.000000,0.000000,0.009338,0.002199
vgg16_flat,clean,blur_strong,19,0.144312,0.677357,0.000000,0.000000,0.000000,0.000028
vgg16_flat,clean,face_box,19,0.112903,0.671255,0.000000,0.000000,0.000000,0.000000
vgg16_flat,matched,none,0,0.167233,0.691894,0.052632,0.009992,0.222411,0.092446
vgg16_flat,matched,eye_bar,0,0.161290,0.694037,0.098472,0.019845,0.432088,0.193618
vgg16_flat,matched,eyes_nose_bar,0,0.154499,0.684132,0.082343,0.014612,0.357385,0.149559
vgg16_flat,matched,blur_mild,0,0.174024,0.701621,0.004244,0.000000,0.062818,0.006569
vgg16_flat,matched,blur_strong,0,0.158744,0.701672,0.009338,0.000083,0.096774,0.017103
vgg16_flat,matched,face_box,0,0.136672,0.679880,0.016978,0.000320,0.170628,0.044351
vgg16_flat,matched,none,1,0.179966,0.695582,0.053480,0.009992,0.298812,0.117510
vgg16_flat,matched,eye_bar,1,0.184211,0.687105,0.098472,0.017061,0.481324,0.213699
vgg16_flat,matched,eyes_nose_bar,1,0.178268,0.688998,0.079796,0.012580,0.408319,0.176737
vgg16_flat,matched,blur_mild,1,0.194397,0.709191,0.001698,0.000000,0.066214,0.007543
vgg16_flat,matched,blur_strong,1,0.178268,0.695683,0.003396,0.000014,0.119694,0.018105
vgg16_flat,matched,face_box,1,0.155348,0.687408,0.011885,0.000153,0.204584,0.050447
vgg16_flat,matched,none,2,0.158744,0.673709,0.048387,0.009992,0.219015,0.093281
vgg16_flat,matched,eye_bar,2,0.144312,0.674211,0.098472,0.022447,0.426146,0.207075
vgg16_flat,matched,eyes_nose_bar,2,0.136672,0.672585,0.076401,0.017869,0.356537,0.159161
vgg16_flat,matched,blur_mild,2,0.154499,0.690762,0.002547,0.000000,0.035654,0.004620
vgg16_flat,matched,blur_strong,2,0.125637,0.684752,0.004244,0.000042,0.062818,0.014236
vgg16_flat,matched,face_box,2,0.111205,0.673491,0.007640,0.000724,0.165535,0.042667
vgg16_flat,matched,none,3,0.170628,0.691226,0.057725,0.009992,0.280985,0.107852
vgg16_flat,matched,eye_bar,3,0.161290,0.688376,0.117148,0.023978,0.464346,0.204125
vgg16_flat,matched,eyes_nose_bar,3,0.163837,0.686273,0.087436,0.015322,0.383701,0.155487
vgg16_flat,matched,blur_mild,3,0.166384,0.698754,0.002547,0.000014,0.051783,0.007306
vgg16_flat,matched,blur_strong,3,0.135823,0.685985,0.007640,0.000083,0.098472,0.016547
vgg16_flat,matched,face_box,3,0.134126,0.674700,0.011885,0.000292,0.162139,0.036837
vgg16_flat,matched,none,4,0.163837,0.693363,0.047538,0.009992,0.260611,0.109229
vgg16_flat,matched,eye_bar,4,0.168081,0.693803,0.093379,0.021779,0.440577,0.201035
vgg16_flat,matched,eyes_nose_bar,4,0.146010,0.686546,0.065365,0.015489,0.372666,0.162571
vgg16_flat,matched,blur_mild,4,0.146859,0.707486,0.002547,0.000042,0.025467,0.005386
vgg16_flat,matched,blur_strong,4,0.140917,0.696642,0.003396,0.000042,0.070458,0.013791
vgg16_flat,matched,face_box,4,0.117997,0.678635,0.010187,0.000334,0.134126,0.038938
vgg16_flat,matched,none,5,0.146010,0.667776,0.061121,0.009992,0.228353,0.091152
vgg16_flat,matched,eye_bar,5,0.149406,0.671194,0.097623,0.021445,0.398981,0.189930
vgg16_flat,matched,eyes_nose_bar,5,0.142615,0.665183,0.086587,0.015809,0.348896,0.148459
vgg16_flat,matched,blur_mild,5,0.154499,0.672989,0.005942,0.000000,0.057725,0.005469
vgg16_flat,matched,blur_strong,5,0.146010,0.665591,0.010187,0.000014,0.089983,0.014723
vgg16_flat,matched,face_box,5,0.125637,0.653620,0.016978,0.000306,0.151104,0.040051
vgg16_flat,matched,none,6,0.176570,0.694724,0.045840,0.009992,0.254669,0.101617
vgg16_flat,matched,eye_bar,6,0.152801,0.687807,0.089134,0.022739,0.443124,0.196373
vgg16_flat,matched,eyes_nose_bar,6,0.153650,0.678561,0.075552,0.017089,0.370968,0.156364
vgg16_flat,matched,blur_mild,6,0.176570,0.699986,0.002547,0.000014,0.039898,0.006513
vgg16_flat,matched,blur_strong,6,0.165535,0.681630,0.005942,0.000014,0.093379,0.013221
vgg16_flat,matched,face_box,6,0.111205,0.671403,0.012733,0.000362,0.151952,0.039105
vgg16_flat,matched,none,7,0.159593,0.690980,0.046689,0.009992,0.222411,0.086866
vgg16_flat,matched,eye_bar,7,0.172326,0.696790,0.095076,0.017743,0.454160,0.192185
vgg16_flat,matched,eyes_nose_bar,7,0.162139,0.692044,0.080645,0.012706,0.361630,0.141863
vgg16_flat,matched,blur_mild,7,0.172326,0.703404,0.005093,0.000028,0.048387,0.005233
vgg16_flat,matched,blur_strong,7,0.139219,0.695493,0.005942,0.000097,0.084890,0.012052
vgg16_flat,matched,face_box,7,0.132428,0.692295,0.010187,0.000445,0.146010,0.027902
vgg16_flat,matched,none,8,0.195246,0.691692,0.047538,0.009992,0.254669,0.106557
vgg16_flat,matched,eye_bar,8,0.188455,0.690885,0.086587,0.017173,0.444822,0.195163
vgg16_flat,matched,eyes_nose_bar,8,0.172326,0.684383,0.068761,0.012817,0.353141,0.154012
vgg16_flat,matched,blur_mild,8,0.182513,0.703533,0.002547,0.000042,0.066214,0.009240
vgg16_flat,matched,blur_strong,8,0.163837,0.685616,0.003396,0.000070,0.094228,0.016087
vgg16_flat,matched,face_box,8,0.148557,0.671676,0.006791,0.000167,0.151952,0.034944
vgg16_flat,matched,none,9,0.163837,0.692331,0.040747,0.009992,0.239389,0.099891
vgg16_flat,matched,eye_bar,9,0.157895,0.682788,0.078947,0.018091,0.419355,0.193924
vgg16_flat,matched,eyes_nose_bar,9,0.146859,0.676154,0.062818,0.014264,0.346350,0.158034
vgg16_flat,matched,blur_mild,9,0.133277,0.708063,0.000849,0.000014,0.045840,0.006652
vgg16_flat,matched,blur_strong,9,0.129032,0.688637,0.003396,0.000014,0.086587,0.014306
vgg16_flat,matched,face_box,9,0.119694,0.674631,0.007640,0.000125,0.147708,0.037699
vgg16_flat,matched,none,10,0.167233,0.692742,0.055178,0.009992,0.308149,0.110134
vgg16_flat,matched,eye_bar,10,0.182513,0.696100,0.107810,0.019260,0.500849,0.221868
vgg16_flat,matched,eyes_nose_bar,10,0.171477,0.693921,0.084041,0.014974,0.437182,0.176278
vgg16_flat,matched,blur_mild,10,0.178268,0.707523,0.001698,0.000014,0.078098,0.007362
vgg16_flat,matched,blur_strong,10,0.165535,0.697614,0.005942,0.000111,0.128183,0.021041
vgg16_flat,matched,face_box,10,0.143463,0.688494,0.011036,0.000250,0.214771,0.046717
vgg16_flat,matched,none,11,0.191851,0.704563,0.048387,0.009992,0.278438,0.118790
vgg16_flat,matched,eye_bar,11,0.188455,0.708272,0.087436,0.017020,0.503396,0.216761
vgg16_flat,matched,eyes_nose_bar,11,0.175722,0.699029,0.069610,0.013221,0.425297,0.177364
vgg16_flat,matched,blur_mild,11,0.197793,0.712624,0.005942,0.000000,0.072156,0.009853
vgg16_flat,matched,blur_strong,11,0.163837,0.698632,0.005942,0.000097,0.116299,0.023254
vgg16_flat,matched,face_box,11,0.130730,0.679969,0.011036,0.000459,0.185908,0.056876
vgg16_flat,matched,none,12,0.180815,0.691446,0.049236,0.009992,0.287776,0.128670
vgg16_flat,matched,eye_bar,12,0.170628,0.689062,0.095925,0.019316,0.477929,0.226558
vgg16_flat,matched,eyes_nose_bar,12,0.163837,0.682120,0.080645,0.014932,0.408319,0.190167
vgg16_flat,matched,blur_mild,12,0.191002,0.706673,0.003396,0.000042,0.076401,0.010771
vgg16_flat,matched,blur_strong,12,0.190153,0.691201,0.008489,0.000125,0.129881,0.023171
vgg16_flat,matched,face_box,12,0.168081,0.691186,0.012733,0.000167,0.208829,0.047719
vgg16_flat,matched,none,13,0.186757,0.699126,0.052632,0.009992,0.268251,0.098597
vgg16_flat,matched,eye_bar,13,0.175722,0.700217,0.106112,0.020541,0.471986,0.202956
vgg16_flat,matched,eyes_nose_bar,13,0.163837,0.695277,0.085739,0.014515,0.408319,0.163169
vgg16_flat,matched,blur_mild,13,0.184211,0.715853,0.002547,0.000000,0.059423,0.004996
vgg16_flat,matched,blur_strong,13,0.168930,0.706858,0.007640,0.000028,0.106961,0.015169
vgg16_flat,matched,face_box,13,0.128183,0.690120,0.016978,0.000237,0.197793,0.044588
vgg16_flat,matched,none,14,0.167233,0.699037,0.051783,0.009992,0.270798,0.102271
vgg16_flat,matched,eye_bar,14,0.165535,0.694081,0.125637,0.026399,0.447368,0.209566
vgg16_flat,matched,eyes_nose_bar,14,0.157046,0.692182,0.087436,0.017827,0.382852,0.159760
vgg16_flat,matched,blur_mild,14,0.165535,0.708603,0.002547,0.000000,0.043294,0.003994
vgg16_flat,matched,blur_strong,14,0.174873,0.696458,0.005942,0.000042,0.095925,0.012706
vgg16_flat,matched,face_box,14,0.139219,0.685929,0.011036,0.000306,0.172326,0.037407
vgg16_flat,matched,none,15,0.196095,0.698349,0.044143,0.009992,0.235993,0.095383
vgg16_flat,matched,eye_bar,15,0.196095,0.694676,0.087436,0.019455,0.439728,0.187857
vgg16_flat,matched,eyes_nose_bar,15,0.170628,0.694136,0.067063,0.014292,0.348048,0.149114
vgg16_flat,matched,blur_mild,15,0.191851,0.713169,0.003396,0.000000,0.044143,0.005177
vgg16_flat,matched,blur_strong,15,0.162139,0.702887,0.007640,0.000028,0.080645,0.012873
vgg16_flat,matched,face_box,15,0.134975,0.694017,0.012733,0.000223,0.146859,0.034986
vgg16_flat,matched,none,16,0.181664,0.691254,0.058574,0.009992,0.280985,0.125344
vgg16_flat,matched,eye_bar,16,0.184211,0.693907,0.105263,0.020165,0.462649,0.225612
vgg16_flat,matched,eyes_nose_bar,16,0.159593,0.689082,0.086587,0.015350,0.391341,0.184280
vgg16_flat,matched,blur_mild,16,0.191851,0.702190,0.005942,0.000000,0.067063,0.008823
vgg16_flat,matched,blur_strong,16,0.150255,0.693610,0.008489,0.000014,0.106112,0.016867
vgg16_flat,matched,face_box,16,0.131579,0.678109,0.016129,0.000376,0.198642,0.050614
vgg16_flat,matched,none,17,0.185908,0.687365,0.050085,0.009992,0.267402,0.117760
vgg16_flat,matched,eye_bar,17,0.178268,0.691649,0.086587,0.017632,0.451613,0.214047
vgg16_flat,matched,eyes_nose_bar,17,0.164686,0.690912,0.069610,0.012664,0.376910,0.166384
vgg16_flat,matched,blur_mild,17,0.162988,0.699759,0.003396,0.000000,0.054329,0.006722
vgg16_flat,matched,blur_strong,17,0.136672,0.692561,0.005093,0.000014,0.090832,0.013902
vgg16_flat,matched,face_box,17,0.138370,0.680702,0.010187,0.000278,0.173175,0.045826
vgg16_flat,matched,none,18,0.180815,0.691779,0.053480,0.009992,0.242784,0.103538
vgg16_flat,matched,eye_bar,18,0.173175,0.690992,0.099321,0.021626,0.464346,0.216357
vgg16_flat,matched,eyes_nose_bar,18,0.173175,0.691594,0.078947,0.015294,0.378608,0.163072
vgg16_flat,matched,blur_mild,18,0.153650,0.698196,0.003396,0.000014,0.049236,0.006137
vgg16_flat,matched,blur_strong,18,0.151952,0.693591,0.005942,0.000028,0.108659,0.016894
vgg16_flat,matched,face_box,18,0.130730,0.678166,0.005093,0.000250,0.181664,0.047343
vgg16_flat,matched,none,19,0.178268,0.706618,0.046689,0.009992,0.282683,0.114559
vgg16_flat,matched,eye_bar,19,0.180815,0.706434,0.089134,0.017966,0.502547,0.216455
vgg16_flat,matched,eyes_nose_bar,19,0.179117,0.706504,0.069610,0.013179,0.414261,0.172159
vgg16_flat,matched,blur_mild,19,0.193548,0.724977,0.003396,0.000028,0.064516,0.009101
vgg16_flat,matched,blur_strong,19,0.185059,0.714366,0.006791,0.000042,0.123090,0.020360
vgg16_flat,matched,face_box,19,0.168081,0.701950,0.007640,0.000153,0.191851,0.046522
vgg16_gap,clean,none,0,0.180815,0.722009,0.067912,0.009992,,
vgg16_gap,clean,eye_bar,0,0.131579,0.696225,0.000000,0.000000,,
vgg16_gap,clean,eyes_nose_bar,0,0.117148,0.667989,0.000000,0.000000,,
vgg16_gap,clean,blur_mild,0,0.095076,0.656269,0.000000,0.000000,,
vgg16_gap,clean,blur_strong,0,0.045840,0.629082,0.000000,0.000000,,
vgg16_gap,clean,face_box,0,0.066214,0.607486,0.000000,0.000000,,
vgg16_gap,clean,none,1,0.183362,0.725399,0.064516,0.009992,,
vgg16_gap,clean,eye_bar,1,0.130730,0.693001,0.000000,0.000000,,
vgg16_gap,clean,eyes_nose_bar,1,0.107810,0.669061,0.000000,0.000000,,
vgg16_gap,clean,blur_mild,1,0.086587,0.659520,0.000000,0.000000,,
vgg16_gap,clean,blur_strong,1,0.047538,0.632254,0.000000,0.000000,,
vgg16_gap,clean,face_box,1,0.061121,0.614042,0.000000,0.000000,,
vgg16_gap,clean,none,2,0.143463,0.698947,0.057725,0.009992,,
vgg16_gap,clean,eye_bar,2,0.104414,0.668889,0.000000,0.000000,,
vgg16_gap,clean,eyes_nose_bar,2,0.096774,0.648544,0.000000,0.000000,,
vgg16_gap,clean,blur_mild,2,0.080645,0.641947,0.000000,0.000014,,
vgg16_gap,clean,blur_strong,2,0.063667,0.628420,0.000000,0.000000,,
vgg16_gap,clean,face_box,2,0.067063,0.601793,0.000000,0.000000,,
vgg16_gap,clean,none,3,0.157895,0.719169,0.053480,0.009992,,
vgg16_gap,clean,eye_bar,3,0.148557,0.698179,0.000000,0.000000,,
vgg16_gap,clean,eyes_nose_bar,3,0.109508,0.669654,0.000000,0.000000,,
vgg16_gap,clean,blur_mild,3,0.086587,0.652262,0.000000,0.000000,,
vgg16_gap,clean,blur_strong,3,0.054329,0.628045,0.000000,0.000000,,
vgg16_gap,clean,face_box,3,0.045840,0.608686,0.000000,0.000000,,
vgg16_gap,clean,none,4,0.181664,0.720607,0.049236,0.009992,,
vgg16_gap,clean,eye_bar,4,0.117148,0.681007,0.000000,0.000000,,
vgg16_gap,clean,eyes_nose_bar,4,0.080645,0.653220,0.000000,0.000000,,
vgg16_gap,clean,blur_mild,4,0.094228,0.650896,0.000000,0.000000,,
vgg16_gap,clean,blur_strong,4,0.063667,0.620920,0.000000,0.000000,,
vgg16_gap,clean,face_box,4,0.024618,0.598122,0.000000,0.000000,,
vgg16_gap,clean,none,5,0.137521,0.688424,0.051783,0.009992,,
vgg16_gap,clean,eye_bar,5,0.099321,0.663045,0.000000,0.000000,,
vgg16_gap,clean,eyes_nose_bar,5,0.066214,0.634901,0.000000,0.000000,,
vgg16_gap,clean,blur_mild,5,0.068761,0.628996,0.000000,0.000000,,
vgg16_gap,clean,blur_strong,5,0.041596,0.604731,0.000000,0.000000,,
vgg16_gap,clean,face_box,5,0.022071,0.588422,0.000000,0.000000,,
vgg16_gap,clean,none,6,0.166384,0.722599,0.076401,0.009992,,
vgg16_gap,clean,eye_bar,6,0.121392,0.685615,0.000000,0.000000,,
vgg16_gap,clean,eyes_nose_bar,6,0.085739,0.659560,0.000000,0.000000,,
vgg16_gap,clean,blur_mild,6,0.076401,0.649429,0.000000,0.000000,,
vgg16_gap,clean,blur_strong,6,0.053480,0.620574,0.000000,0.000000,,
vgg16_gap,clean,face_box,6,0.046689,0.594836,0.000000,0.000000,,
vgg16_gap,clean,none,7,0.136672,0.715388,0.053480,0.009992,,
vgg16_gap,clean,eye_bar,7,0.104414,0.677073,0.000000,0.000000,,
vgg16_gap,clean,eyes_nose_bar,7,0.096774,0.654794,0.000000,0.000000,,
vgg16_gap,clean,blur_mild,7,0.080645,0.638853,0.000000,0.000014,,
vgg16_gap,clean,blur_strong,7,0.061969,0.628993,0.000000,0.000000,,
vgg16_gap,clean,face_box,7,0.043294,0.607826,0.000000,0.000000,,
vgg16_gap,clean,none,8,0.165535,0.717136,0.058574,0.009992,,
vgg16_gap,clean,eye_bar,8,0.112903,0.686036,0.000000,0.000000,,
vgg16_gap,clean,eyes_nose_bar,8,0.088285,0.659390,0.000000,0.000000,,
vgg16_gap,clean,blur_mild,8,0.091681,0.655124,0.000000,0.000000,,
vgg16_gap,clean,blur_strong,8,0.075552,0.634576,0.000000,0.000000,,
vgg16_gap,clean,face_box,8,0.021222,0.602782,0.000000,0.000000,,
vgg16_gap,clean,none,9,0.148557,0.717076,0.051783,0.009992,,
vgg16_gap,clean,eye_bar,9,0.114601,0.679321,0.000000,0.000000,,
vgg16_gap,clean,eyes_nose_bar,9,0.106112,0.654848,0.000000,0.000000,,
vgg16_gap,clean,blur_mild,9,0.078098,0.643979,0.000000,0.000000,,
vgg16_gap,clean,blur_strong,9,0.067912,0.619199,0.000000,0.000000,,
vgg16_gap,clean,face_box,9,0.062818,0.595288,0.000000,0.000000,,
vgg16_gap,clean,none,10,0.166384,0.729102,0.073005,0.009992,,
vgg16_gap,clean,eye_bar,10,0.123090,0.699880,0.000000,0.000000,,
vgg16_gap,clean,eyes_nose_bar,10,0.111205,0.671704,0.000000,0.000000,,
vgg16_gap,clean,blur_mild,10,0.127334,0.662154,0.000000,0.000000,,
vgg16_gap,clean,blur_strong,10,0.064516,0.635927,0.000000,0.000000,,
vgg16_gap,clean,face_box,10,0.063667,0.613489,0.000000,0.000000,,
vgg16_gap,clean,none,11,0.190153,0.740414,0.064516,0.009992,,
vgg16_gap,clean,eye_bar,11,0.147708,0.703065,0.000000,0.000000,,
vgg16_gap,clean,eyes_nose_bar,11,0.117997,0.674499,0.000000,0.000000,,
vgg16_gap,clean,blur_mild,11,0.112054,0.664225,0.000000,0.000000,,
vgg16_gap,clean,blur_strong,11,0.074703,0.639097,0.000000,0.000000,,
vgg16_gap,clean,face_box,11,0.053480,0.614470,0.000000,0.000000,,
vgg16_gap,clean,none,12,0.159593,0.717276,0.068761,0.009992,,
vgg16_gap,clean,eye_bar,12,0.140068,0.686343,0.000000,0.000000,,
vgg16_gap,clean,eyes_nose_bar,12,0.132428,0.664080,0.000000,0.000000,,
vgg16_gap,clean,blur_mild,12,0.105263,0.653804,0.000000,0.000000,,
vgg16_gap,clean,blur_strong,12,0.078947,0.629050,0.000000,0.000000,,
vgg16_gap,clean,face_box,12,0.061969,0.608631,0.000000,0.000000,,
vgg16_gap,clean,none,13,0.177419,0.733904,0.068761,0.009992,,
vgg16_gap,clean,eye_bar,13,0.125637,0.690692,0.000000,0.000000,,
vgg16_gap,clean,eyes_nose_bar,13,0.107810,0.668712,0.000000,0.000000,,
vgg16_gap,clean,blur_mild,13,0.109508,0.666391,0.000000,0.000000,,
vgg16_gap,clean,blur_strong,13,0.062818,0.638766,0.000000,0.000000,,
vgg16_gap,clean,face_box,13,0.049236,0.610744,0.000000,0.000000,,
vgg16_gap,clean,none,14,0.189304,0.724054,0.069610,0.009992,,
vgg16_gap,clean,eye_bar,14,0.140068,0.685503,0.000000,0.000000,,
vgg16_gap,clean,eyes_nose_bar,14,0.129032,0.660730,0.000000,0.000000,,
vgg16_gap,clean,blur_mild,14,0.089983,0.656890,0.000000,0.000000,,
vgg16_gap,clean,blur_strong,14,0.082343,0.631216,0.000000,0.000000,,
vgg16_gap,clean,face_box,14,0.061969,0.612519,0.000000,0.000000,,
vgg16_gap,clean,none,15,0.183362,0.719983,0.071307,0.009992,,
vgg16_gap,clean,eye_bar,15,0.127334,0.684302,0.000000,0.000000,,
vgg16_gap,clean,eyes_nose_bar,15,0.109508,0.660200,0.000000,0.000000,,
vgg16_gap,clean,blur_mild,15,0.106961,0.654923,0.000000,0.000000,,
vgg16_gap,clean,blur_strong,15,0.071307,0.623549,0.000000,0.000000,,
vgg16_gap,clean,face_box,15,0.056876,0.596647,0.000000,0.000000,,
vgg16_gap,clean,none,16,0.170628,0.718353,0.067063,0.009992,,
vgg16_gap,clean,eye_bar,16,0.137521,0.682338,0.000000,0.000000,,
vgg16_gap,clean,eyes_nose_bar,16,0.113752,0.658603,0.000000,0.000000,,
vgg16_gap,clean,blur_mild,16,0.101868,0.646032,0.000000,0.000000,,
vgg16_gap,clean,blur_strong,16,0.066214,0.620561,0.000000,0.000000,,
vgg16_gap,clean,face_box,16,0.058574,0.601554,0.000000,0.000000,,
vgg16_gap,clean,none,17,0.172326,0.717132,0.065365,0.009992,,
vgg16_gap,clean,eye_bar,17,0.128183,0.688218,0.000000,0.000000,,
vgg16_gap,clean,eyes_nose_bar,17,0.103565,0.666132,0.000000,0.000000,,
vgg16_gap,clean,blur_mild,17,0.084041,0.654231,0.000000,0.000000,,
vgg16_gap,clean,blur_strong,17,0.077250,0.633833,0.000000,0.000000,,
vgg16_gap,clean,face_box,17,0.065365,0.610728,0.000000,0.000000,,
vgg16_gap,clean,none,18,0.140068,0.718929,0.052632,0.009992,,
vgg16_gap,clean,eye_bar,18,0.121392,0.688395,0.000000,0.000000,,
vgg16_gap,clean,eyes_nose_bar,18,0.118846,0.659158,0.000000,0.000000,,
vgg16_gap,clean,blur_mild,18,0.101019,0.652528,0.000000,0.000000,,
vgg16_gap,clean,blur_strong,18,0.078947,0.632544,0.000000,0.000000,,
vgg16_gap,clean,face_box,18,0.059423,0.604637,0.000000,0.000000,,
vgg16_gap,clean,none,19,0.196095,0.742244,0.068761,0.009992,,
vgg16_gap,clean,eye_bar,19,0.155348,0.704186,0.000000,0.000000,,
vgg16_gap,clean,eyes_nose_bar,19,0.138370,0.676484,0.000000,0.000000,,
vgg16_gap,clean,blur_mild,19,0.120543,0.661102,0.000000,0.000000,,
vgg16_gap,clean,blur_strong,19,0.093379,0.634332,0.000000,0.000000,,
vgg16_gap,clean,face_box,19,0.080645,0.615475,0.000000,0.000000,,
vgg16_gap,matched,none,0,0.180815,0.722009,0.067912,0.009992,,
vgg16_gap,matched,eye_bar,0,0.178268,0.728425,0.071307,0.007417,,
vgg16_gap,matched,eyes_nose_bar,0,0.161290,0.714556,0.072156,0.008127,,
vgg16_gap,matched,blur_mild,0,0.142615,0.725716,0.014431,0.000195,,
vgg16_gap,matched,blur_strong,0,0.144312,0.703718,0.028862,0.000682,,
vgg16_gap,matched,face_box,0,0.101019,0.660910,0.048387,0.006235,,
vgg16_gap,matched,none,1,0.183362,0.725399,0.064516,0.009992,,
vgg16_gap,matched,eye_bar,1,0.207980,0.732937,0.067063,0.007710,,
vgg16_gap,matched,eyes_nose_bar,1,0.201188,0.729573,0.069610,0.008085,,
vgg16_gap,matched,blur_mild,1,0.162988,0.723850,0.003396,0.000083,,
vgg16_gap,matched,blur_strong,1,0.151104,0.704495,0.016129,0.000250,,
vgg16_gap,matched,face_box,1,0.145161,0.672446,0.038200,0.003535,,
vgg16_gap,matched,none,2,0.143463,0.698947,0.057725,0.009992,,
vgg16_gap,matched,eye_bar,2,0.166384,0.712741,0.059423,0.008364,,
vgg16_gap,matched,eyes_nose_bar,2,0.141766,0.701890,0.064516,0.008614,,
vgg16_gap,matched,blur_mild,2,0.151104,0.700747,0.007640,0.000334,,
vgg16_gap,matched,blur_strong,2,0.121392,0.687492,0.017827,0.001058,,
vgg16_gap,matched,face_box,2,0.104414,0.654498,0.050085,0.007891,,
vgg16_gap,matched,none,3,0.157895,0.719169,0.053480,0.009992,,
vgg16_gap,matched,eye_bar,3,0.184211,0.731563,0.059423,0.006889,,
vgg16_gap,matched,eyes_nose_bar,3,0.162139,0.724522,0.049236,0.006722,,
vgg16_gap,matched,blur_mild,3,0.140068,0.712858,0.005942,0.000223,,
vgg16_gap,matched,blur_strong,3,0.140068,0.691139,0.009338,0.000237,,
vgg16_gap,matched,face_box,3,0.113752,0.655748,0.022920,0.001447,,
vgg16_gap,matched,none,4,0.181664,0.720607,0.049236,0.009992,,
vgg16_gap,matched,eye_bar,4,0.182513,0.725041,0.054329,0.007042,,
vgg16_gap,matched,eyes_nose_bar,4,0.154499,0.714280,0.046689,0.007863,,
vgg16_gap,matched,blur_mild,4,0.136672,0.721648,0.003396,0.000070,,
vgg16_gap,matched,blur_strong,4,0.144312,0.695336,0.006791,0.000334,,
vgg16_gap,matched,face_box,4,0.104414,0.656935,0.025467,0.003841,,
vgg16_gap,matched,none,5,0.137521,0.688424,0.051783,0.009992,,
vgg16_gap,matched,eye_bar,5,0.178268,0.703815,0.067912,0.009561,,
vgg16_gap,matched,eyes_nose_bar,5,0.153650,0.693559,0.077250,0.011133,,
vgg16_gap,matched,blur_mild,5,0.134975,0.699169,0.014431,0.000153,,
vgg16_gap,matched,blur_strong,5,0.119694,0.674877,0.025467,0.000654,,
vgg16_gap,matched,face_box,5,0.095925,0.647180,0.054329,0.008405,,
vgg16_gap,matched,none,6,0.166384,0.722599,0.076401,0.009992,,
vgg16_gap,matched,eye_bar,6,0.179966,0.728707,0.068761,0.007835,,
vgg16_gap,matched,eyes_nose_bar,6,0.158744,0.714741,0.066214,0.008656,,
vgg16_gap,matched,blur_mild,6,0.149406,0.716262,0.010187,0.000250,,
vgg16_gap,matched,blur_strong,6,0.151952,0.704718,0.025467,0.000598,,
vgg16_gap,matched,face_box,6,0.085739,0.664218,0.039049,0.006652,,
vgg16_gap,matched,none,7,0.136672,0.715388,0.053480,0.009992,,
vgg16_gap,matched,eye_bar,7,0.157895,0.733167,0.061121,0.005970,,
vgg16_gap,matched,eyes_nose_bar,7,0.144312,0.720746,0.053480,0.005831,,
vgg16_gap,matched,blur_mild,7,0.133277,0.720937,0.005093,0.000195,,
vgg16_gap,matched,blur_strong,7,0.134975,0.712280,0.016129,0.000571,,
vgg16_gap,matched,face_box,7,0.090832,0.672590,0.039898,0.007793,,
vgg16_gap,matched,none,8,0.165535,0.717136,0.058574,0.009992,,
vgg16_gap,matched,eye_bar,8,0.183362,0.727918,0.055178,0.006276,,
vgg16_gap,matched,eyes_nose_bar,8,0.171477,0.713718,0.054329,0.007278,,
vgg16_gap,matched,blur_mild,8,0.146859,0.718691,0.004244,0.000223,,
vgg16_gap,matched,blur_strong,8,0.146010,0.697856,0.016129,0.000557,,
vgg16_gap,matched,face_box,8,0.105263,0.654053,0.025467,0.003535,,
vgg16_gap,matched,none,9,0.148557,0.717076,0.051783,0.009992,,
vgg16_gap,matched,eye_bar,9,0.168081,0.720196,0.050085,0.006708,,
vgg16_gap,matched,eyes_nose_bar,9,0.150255,0.705208,0.050934,0.006318,,
vgg16_gap,matched,blur_mild,9,0.134975,0.713078,0.000849,0.000111,,
vgg16_gap,matched,blur_strong,9,0.135823,0.693436,0.005942,0.000237,,
vgg16_gap,matched,face_box,9,0.107810,0.658095,0.022071,0.002769,,
vgg16_gap,matched,none,10,0.166384,0.729102,0.073005,0.009992,,
vgg16_gap,matched,eye_bar,10,0.196944,0.740339,0.074703,0.007584,,
vgg16_gap,matched,eyes_nose_bar,10,0.181664,0.730531,0.067912,0.007306,,
vgg16_gap,matched,blur_mild,10,0.162988,0.735963,0.004244,0.000250,,
vgg16_gap,matched,blur_strong,10,0.156197,0.715310,0.016978,0.000362,,
vgg16_gap,matched,face_box,10,0.117148,0.668037,0.035654,0.003952,,
vgg16_gap,matched,none,11,0.190153,0.740414,0.064516,0.009992,,
vgg16_gap,matched,eye_bar,11,0.201188,0.752809,0.064516,0.006694,,
vgg16_gap,matched,eyes_nose_bar,11,0.179117,0.739803,0.058574,0.006610,,
vgg16_gap,matched,blur_mild,11,0.188455,0.738529,0.009338,0.000028,,
vgg16_gap,matched,blur_strong,11,0.164686,0.727952,0.018676,0.000473,,
vgg16_gap,matched,face_box,11,0.123090,0.679286,0.037351,0.004161,,
vgg16_gap,matched,none,12,0.159593,0.717276,0.068761,0.009992,,
vgg16_gap,matched,eye_bar,12,0.192699,0.729083,0.071307,0.007724,,
vgg16_gap,matched,eyes_nose_bar,12,0.170628,0.713755,0.078947,0.008851,,
vgg16_gap,matched,blur_mild,12,0.156197,0.721018,0.009338,0.000223,,
vgg16_gap,matched,blur_strong,12,0.154499,0.700195,0.022071,0.000598,,
vgg16_gap,matched,face_box,12,0.118846,0.668253,0.039049,0.003938,,
vgg16_gap,matched,none,13,0.177419,0.733904,0.068761,0.009992,,
vgg16_gap,matched,eye_bar,13,0.179117,0.743943,0.074703,0.010535,,
vgg16_gap,matched,eyes_nose_bar,13,0.160441,0.735092,0.075552,0.011926,,
vgg16_gap,matched,blur_mild,13,0.158744,0.728298,0.006791,0.000083,,
vgg16_gap,matched,blur_strong,13,0.151952,0.712610,0.027165,0.000487,,
vgg16_gap,matched,face_box,13,0.107810,0.671297,0.049236,0.006248,,
vgg16_gap,matched,none,14,0.189304,0.724054,0.069610,0.009992,,
vgg16_gap,matched,eye_bar,14,0.196944,0.730048,0.075552,0.008099,,
vgg16_gap,matched,eyes_nose_bar,14,0.176570,0.723184,0.073005,0.008266,,
vgg16_gap,matched,blur_mild,14,0.164686,0.712349,0.005093,0.000056,,
vgg16_gap,matched,blur_strong,14,0.168081,0.694251,0.014431,0.000557,,
vgg16_gap,matched,face_box,14,0.137521,0.672139,0.043294,0.005121,,
vgg16_gap,matched,none,15,0.183362,0.719983,0.071307,0.009992,,
vgg16_gap,matched,eye_bar,15,0.183362,0.726578,0.071307,0.007487,,
vgg16_gap,matched,eyes_nose_bar,15,0.168081,0.716225,0.061121,0.008002,,
vgg16_gap,matched,blur_mild,15,0.169779,0.727562,0.008489,0.000070,,
vgg16_gap,matched,blur_strong,15,0.146859,0.707352,0.022071,0.000459,,
vgg16_gap,matched,face_box,15,0.119694,0.670181,0.044143,0.006332,,
vgg16_gap,matched,none,16,0.170628,0.718353,0.067063,0.009992,,
vgg16_gap,matched,eye_bar,16,0.176570,0.736848,0.065365,0.005873,,
vgg16_gap,matched,eyes_nose_bar,16,0.164686,0.723435,0.067063,0.006638,,
vgg16_gap,matched,blur_mild,16,0.162988,0.716657,0.009338,0.000097,,
vgg16_gap,matched,blur_strong,16,0.146010,0.692563,0.022071,0.000223,,
vgg16_gap,matched,face_box,16,0.112054,0.663471,0.039049,0.003451,,
vgg16_gap,matched,none,17,0.172326,0.717132,0.065365,0.009992,,
vgg16_gap,matched,eye_bar,17,0.190153,0.728223,0.061969,0.007083,,
vgg16_gap,matched,eyes_nose_bar,17,0.152801,0.723130,0.048387,0.006318,,
vgg16_gap,matched,blur_mild,17,0.156197,0.713843,0.005093,0.000042,,
vgg16_gap,matched,blur_strong,17,0.133277,0.700737,0.011036,0.000209,,
vgg16_gap,matched,face_box,17,0.101019,0.666509,0.032258,0.004091,,
vgg16_gap,matched,none,18,0.140068,0.718929,0.052632,0.009992,,
vgg16_gap,matched,eye_bar,18,0.167233,0.720045,0.050934,0.007153,,
vgg16_gap,matched,eyes_nose_bar,18,0.157895,0.718274,0.044992,0.006513,,
vgg16_gap,matched,blur_mild,18,0.145161,0.714425,0.004244,0.000056,,
vgg16_gap,matched,blur_strong,18,0.122241,0.693784,0.012733,0.000431,,
vgg16_gap,matched,face_box,18,0.087436,0.657924,0.030560,0.005274,,
vgg16_gap,matched,none,19,0.196095,0.742244,0.068761,0.009992,,
vgg16_gap,matched,eye_bar,19,0.204584,0.752386,0.061969,0.007167,,
vgg16_gap,matched,eyes_nose_bar,19,0.191851,0.747993,0.058574,0.006736,,
vgg16_gap,matched,blur_mild,19,0.175722,0.738718,0.008489,0.000223,,
vgg16_gap,matched,blur_strong,19,0.157046,0.730080,0.016978,0.000459,,
vgg16_gap,matched,face_box,19,0.122241,0.690173,0.039898,0.004592,,
eigenfaces,clean,none,0,0.116299,0.692482,0.103565,0.009992,,
eigenfaces,clean,eye_bar,0,0.061969,0.612277,0.061969,0.014890,,
eigenfaces,clean,eyes_nose_bar,0,0.021222,0.599631,0.040747,0.021028,,
eigenfaces,clean,blur_mild,0,0.109508,0.680200,0.097623,0.010131,,
eigenfaces,clean,blur_strong,0,0.085739,0.632190,0.066214,0.009060,,
eigenfaces,clean,face_box,0,0.051783,0.583144,0.058574,0.012845,,
eigenfaces,clean,none,1,0.111205,0.688769,0.104414,0.009992,,
eigenfaces,clean,eye_bar,1,0.066214,0.622017,0.039898,0.005372,,
eigenfaces,clean,eyes_nose_bar,1,0.058574,0.584437,0.051783,0.013916,,
eigenfaces,clean,blur_mild,1,0.101019,0.676684,0.088285,0.009561,,
eigenfaces,clean,blur_strong,1,0.060272,0.632946,0.048387,0.008183,,
eigenfaces,clean,face_box,1,0.044992,0.580127,0.039898,0.009533,,
eigenfaces,clean,none,2,0.093379,0.667987,0.076401,0.009992,,
eigenfaces,clean,eye_bar,2,0.049236,0.606296,0.025467,0.004787,,
eigenfaces,clean,eyes_nose_bar,2,0.034805,0.578717,0.025467,0.006262,,
eigenfaces,clean,blur_mild,2,0.068761,0.657339,0.061969,0.009714,,
eigenfaces,clean,blur_strong,2,0.055178,0.600066,0.038200,0.009046,,
eigenfaces,clean,face_box,2,0.037351,0.567141,0.019525,0.007264,,
eigenfaces,clean,none,3,0.122241,0.687078,0.104414,0.009992,,
eigenfaces,clean,eye_bar,3,0.060272,0.615089,0.033956,0.007195,,
eigenfaces,clean,eyes_nose_bar,3,0.047538,0.582625,0.041596,0.009407,,
eigenfaces,clean,blur_mild,3,0.105263,0.671893,0.094228,0.010451,,
eigenfaces,clean,blur_strong,3,0.077250,0.624431,0.064516,0.010215,,
eigenfaces,clean,face_box,3,0.049236,0.590040,0.044992,0.008113,,
eigenfaces,clean,none,4,0.093379,0.663244,0.084041,0.009992,,
eigenfaces,clean,eye_bar,4,0.060272,0.589034,0.039898,0.005567,,
eigenfaces,clean,eyes_nose_bar,4,0.050085,0.573467,0.031409,0.007501,,
eigenfaces,clean,blur_mild,4,0.080645,0.646169,0.078947,0.010827,,
eigenfaces,clean,blur_strong,4,0.056027,0.594909,0.055178,0.011175,,
eigenfaces,clean,face_box,4,0.048387,0.555833,0.030560,0.006777,,
eigenfaces,clean,none,5,0.122241,0.678101,0.111205,0.009992,,
eigenfaces,clean,eye_bar,5,0.062818,0.614108,0.033956,0.004328,,
eigenfaces,clean,eyes_nose_bar,5,0.048387,0.585133,0.029711,0.004690,,
eigenfaces,clean,blur_mild,5,0.106961,0.663330,0.095076,0.010229,,
eigenfaces,clean,blur_strong,5,0.068761,0.614255,0.055178,0.008920,,
eigenfaces,clean,face_box,5,0.042445,0.576736,0.022920,0.007584,,
eigenfaces,clean,none,6,0.102716,0.690219,0.094228,0.009992,,
eigenfaces,clean,eye_bar,6,0.033956,0.622584,0.036503,0.016157,,
eigenfaces,clean,eyes_nose_bar,6,0.047538,0.591354,0.028014,0.006040,,
eigenfaces,clean,blur_mild,6,0.097623,0.673518,0.078947,0.010340,,
eigenfaces,clean,blur_strong,6,0.054329,0.625930,0.050085,0.009602,,
eigenfaces,clean,face_box,6,0.054329,0.585385,0.030560,0.007028,,
eigenfaces,clean,none,7,0.130730,0.709303,0.118846,0.009992,,
eigenfaces,clean,eye_bar,7,0.071307,0.633447,0.042445,0.004676,,
eigenfaces,clean,eyes_nose_bar,7,0.061969,0.603786,0.034805,0.004272,,
eigenfaces,clean,blur_mild,7,0.112054,0.700486,0.108659,0.010785,,
eigenfaces,clean,blur_strong,7,0.089983,0.652413,0.081494,0.009839,,
eigenfaces,clean,face_box,7,0.052632,0.594705,0.051783,0.012358,,
eigenfaces,clean,none,8,0.130730,0.688413,0.107810,0.009992,,
eigenfaces,clean,eye_bar,8,0.073005,0.621207,0.046689,0.005400,,
eigenfaces,clean,eyes_nose_bar,8,0.050934,0.595395,0.039898,0.005873,,
eigenfaces,clean,blur_mild,8,0.109508,0.677570,0.096774,0.010646,,
eigenfaces,clean,blur_strong,8,0.072156,0.634327,0.065365,0.009825,,
eigenfaces,clean,face_box,8,0.049236,0.593249,0.047538,0.012135,,
eigenfaces,clean,none,9,0.123939,0.668797,0.096774,0.009992,,
eigenfaces,clean,eye_bar,9,0.056027,0.603423,0.040747,0.006805,,
eigenfaces,clean,eyes_nose_bar,9,0.060272,0.587682,0.031409,0.005580,,
eigenfaces,clean,blur_mild,9,0.104414,0.653322,0.089983,0.010799,,
eigenfaces,clean,blur_strong,9,0.057725,0.607810,0.054329,0.011050,,
eigenfaces,clean,face_box,9,0.050934,0.569728,0.028014,0.007181,,
eigenfaces,clean,none,10,0.135823,0.712015,0.120543,0.009992,,
eigenfaces,clean,eye_bar,10,0.084890,0.627480,0.039898,0.004286,,
eigenfaces,clean,eyes_nose_bar,10,0.058574,0.607719,0.044992,0.007209,,
eigenfaces,clean,blur_mild,10,0.118846,0.696850,0.112054,0.010674,,
eigenfaces,clean,blur_strong,10,0.081494,0.648344,0.067912,0.010493,,
eigenfaces,clean,face_box,10,0.059423,0.592237,0.045840,0.009268,,
eigenfaces,clean,none,11,0.125637,0.698129,0.111205,0.009992,,
eigenfaces,clean,eye_bar,11,0.073854,0.617116,0.050934,0.007069,,
eigenfaces,clean,eyes_nose_bar,11,0.049236,0.598526,0.038200,0.009574,,
eigenfaces,clean,blur_mild,11,0.112054,0.679376,0.101868,0.009435,,
eigenfaces,clean,blur_strong,11,0.079796,0.626959,0.056876,0.007668,,
eigenfaces,clean,face_box,11,0.052632,0.589674,0.030560,0.005650,,
eigenfaces,clean,none,12,0.117148,0.675327,0.108659,0.009992,,
eigenfaces,clean,eye_bar,12,0.064516,0.609771,0.036503,0.005845,,
eigenfaces,clean,eyes_nose_bar,12,0.050934,0.590396,0.039898,0.007668,,
eigenfaces,clean,blur_mild,12,0.109508,0.660142,0.092530,0.010020,,
eigenfaces,clean,blur_strong,12,0.073005,0.613326,0.051783,0.007570,,
eigenfaces,clean,face_box,12,0.057725,0.582394,0.038200,0.005831,,
eigenfaces,clean,none,13,0.130730,0.684088,0.117997,0.009992,,
eigenfaces,clean,eye_bar,13,0.054329,0.614445,0.040747,0.010980,,
eigenfaces,clean,eyes_nose_bar,13,0.028862,0.591078,0.049236,0.020360,,
eigenfaces,clean,blur_mild,13,0.116299,0.670157,0.103565,0.010827,,
eigenfaces,clean,blur_strong,13,0.072156,0.625349,0.067063,0.011119,,
eigenfaces,clean,face_box,13,0.053480,0.590746,0.034805,0.006332,,
eigenfaces,clean,none,14,0.123939,0.680834,0.103565,0.009992,,
eigenfaces,clean,eye_bar,14,0.075552,0.631792,0.033956,0.002978,,
eigenfaces,clean,eyes_nose_bar,14,0.051783,0.604123,0.027165,0.004453,,
eigenfaces,clean,blur_mild,14,0.108659,0.670268,0.089983,0.009644,,
eigenfaces,clean,blur_strong,14,0.074703,0.630739,0.060272,0.009185,,
eigenfaces,clean,face_box,14,0.052632,0.583292,0.042445,0.011968,,
eigenfaces,clean,none,15,0.096774,0.669981,0.083192,0.009992,,
eigenfaces,clean,eye_bar,15,0.058574,0.605288,0.037351,0.006680,,
eigenfaces,clean,eyes_nose_bar,15,0.046689,0.591959,0.025467,0.004481,,
eigenfaces,clean,blur_mild,15,0.088285,0.655472,0.080645,0.010771,,
eigenfaces,clean,blur_strong,15,0.067063,0.604672,0.048387,0.009254,,
eigenfaces,clean,face_box,15,0.048387,0.564227,0.034805,0.008155,,
eigenfaces,clean,none,16,0.119694,0.669552,0.095925,0.009992,,
eigenfaces,clean,eye_bar,16,0.034805,0.619285,0.054329,0.017354,,
eigenfaces,clean,eyes_nose_bar,16,0.048387,0.598164,0.036503,0.011564,,
eigenfaces,clean,blur_mild,16,0.102716,0.662777,0.085739,0.010117,,
eigenfaces,clean,blur_strong,16,0.069610,0.629529,0.061121,0.009658,,
eigenfaces,clean,face_box,16,0.051783,0.594673,0.035654,0.006541,,
eigenfaces,clean,none,17,0.109508,0.676652,0.094228,0.009992,,
eigenfaces,clean,eye_bar,17,0.069610,0.611031,0.029711,0.002616,,
eigenfaces,clean,eyes_nose_bar,17,0.037351,0.591553,0.032258,0.012928,,
eigenfaces,clean,blur_mild,17,0.091681,0.665263,0.084890,0.010465,,
eigenfaces,clean,blur_strong,17,0.070458,0.625728,0.063667,0.010409,,
eigenfaces,clean,face_box,17,0.057725,0.589839,0.036503,0.005316,,
eigenfaces,clean,none,18,0.104414,0.686921,0.079796,0.009992,,
eigenfaces,clean,eye_bar,18,0.061121,0.612679,0.049236,0.008183,,
eigenfaces,clean,eyes_nose_bar,18,0.048387,0.592459,0.033107,0.006388,,
eigenfaces,clean,blur_mild,18,0.089983,0.672358,0.067063,0.009755,,
eigenfaces,clean,blur_strong,18,0.052632,0.625563,0.044143,0.008600,,
eigenfaces,clean,face_box,18,0.050085,0.590146,0.029711,0.006861,,
eigenfaces,clean,none,19,0.118846,0.689858,0.106961,0.009992,,
eigenfaces,clean,eye_bar,19,0.078947,0.611615,0.037351,0.004175,,
eigenfaces,clean,eyes_nose_bar,19,0.045840,0.596453,0.028862,0.005441,,
eigenfaces,clean,blur_mild,19,0.106112,0.675186,0.092530,0.010131,,
eigenfaces,clean,blur_strong,19,0.065365,0.620768,0.059423,0.010757,,
eigenfaces,clean,face_box,19,0.046689,0.593862,0.031409,0.007181,,
eigenfaces,matched,none,0,0.116299,0.692482,0.103565,0.009992,,
eigenfaces,matched,eye_bar,0,0.088285,0.610237,0.996604,0.995491,,
eigenfaces,matched,eyes_nose_bar,0,0.081494,0.603567,0.998302,0.999763,,
eigenfaces,matched,blur_mild,0,0.104414,0.675650,0.129032,0.019539,,
eigenfaces,matched,blur_strong,0,0.073005,0.651735,0.316638,0.134641,,
eigenfaces,matched,face_box,0,0.076401,0.612859,0.985569,0.968215,,
eigenfaces,matched,none,1,0.111205,0.688769,0.104414,0.009992,,
eigenfaces,matched,eye_bar,1,0.079796,0.595258,0.996604,0.993891,,
eigenfaces,matched,eyes_nose_bar,1,0.078098,0.587802,1.000000,0.999847,,
eigenfaces,matched,blur_mild,1,0.096774,0.672483,0.117997,0.020026,,
eigenfaces,matched,blur_strong,1,0.074703,0.646913,0.310696,0.138969,,
eigenfaces,matched,face_box,1,0.061969,0.602279,0.991511,0.979112,,
eigenfaces,matched,none,2,0.093379,0.667987,0.076401,0.009992,,
eigenfaces,matched,eye_bar,2,0.063667,0.589282,0.997453,0.995769,,
eigenfaces,matched,eyes_nose_bar,2,0.061121,0.577707,0.999151,0.999958,,
eigenfaces,matched,blur_mild,2,0.073005,0.654546,0.091681,0.017938,,
eigenfaces,matched,blur_strong,2,0.057725,0.620268,0.251273,0.120724,,
eigenfaces,matched,face_box,2,0.050085,0.588260,0.971986,0.956038,,
eigenfaces,matched,none,3,0.122241,0.687078,0.104414,0.009992,,
eigenfaces,matched,eye_bar,3,0.079796,0.593651,0.997453,0.995422,,
eigenfaces,matched,eyes_nose_bar,3,0.073854,0.584558,1.000000,0.999833,,
eigenfaces,matched,blur_mild,3,0.101868,0.663341,0.129032,0.019580,,
eigenfaces,matched,blur_strong,3,0.086587,0.632486,0.297963,0.143213,,
eigenfaces,matched,face_box,3,0.068761,0.601499,0.991511,0.970010,,
eigenfaces,matched,none,4,0.093379,0.663244,0.084041,0.009992,,
eigenfaces,matched,eye_bar,4,0.070458,0.591626,0.988964,0.994392,,
eigenfaces,matched,eyes_nose_bar,4,0.067912,0.582839,0.995756,0.999861,,
eigenfaces,matched,blur_mild,4,0.077250,0.639962,0.102716,0.020262,,
eigenfaces,matched,blur_strong,4,0.072156,0.611072,0.264007,0.126499,,
eigenfaces,matched,face_box,4,0.066214,0.586383,0.969440,0.968577,,
eigenfaces,matched,none,5,0.122241,0.678101,0.111205,0.009992,,
eigenfaces,matched,eye_bar,5,0.074703,0.597120,0.997453,0.995046,,
eigenfaces,matched,eyes_nose_bar,5,0.086587,0.584994,1.000000,0.999861,,
eigenfaces,matched,blur_mild,5,0.112054,0.657034,0.130730,0.018968,,
eigenfaces,matched,blur_strong,5,0.088285,0.623636,0.278438,0.121462,,
eigenfaces,matched,face_box,5,0.078947,0.592216,0.977080,0.965780,,
eigenfaces,matched,none,6,0.102716,0.690219,0.094228,0.009992,,
eigenfaces,matched,eye_bar,6,0.067912,0.608784,0.995756,0.994461,,
eigenfaces,matched,eyes_nose_bar,6,0.067063,0.593715,0.999151,0.999750,,
eigenfaces,matched,blur_mild,6,0.092530,0.667237,0.109508,0.019664,,
eigenfaces,matched,blur_strong,6,0.084890,0.637384,0.283531,0.132122,,
eigenfaces,matched,face_box,6,0.071307,0.600304,0.979626,0.956191,,
eigenfaces,matched,none,7,0.130730,0.709303,0.118846,0.009992,,
eigenfaces,matched,eye_bar,7,0.076401,0.616075,0.994058,0.996813,,
eigenfaces,matched,eyes_nose_bar,7,0.073854,0.605421,0.999151,0.999930,,
eigenfaces,matched,blur_mild,7,0.112054,0.693546,0.145161,0.020902,,
eigenfaces,matched,blur_strong,7,0.093379,0.661211,0.344652,0.147624,,
eigenfaces,matched,face_box,7,0.080645,0.618679,0.986418,0.974825,,
eigenfaces,matched,none,8,0.130730,0.688413,0.107810,0.009992,,
eigenfaces,matched,eye_bar,8,0.079796,0.597908,0.992360,0.995658,,
eigenfaces,matched,eyes_nose_bar,8,0.074703,0.589006,1.000000,0.999930,,
eigenfaces,matched,blur_mild,8,0.102716,0.671655,0.128183,0.019344,,
eigenfaces,matched,blur_strong,8,0.081494,0.642455,0.323430,0.126193,,
eigenfaces,matched,face_box,8,0.080645,0.597626,0.982173,0.977275,,
eigenfaces,matched,none,9,0.123939,0.668797,0.096774,0.009992,,
eigenfaces,matched,eye_bar,9,0.072156,0.589480,0.994907,0.995769,,
eigenfaces,matched,eyes_nose_bar,9,0.071307,0.581494,0.999151,0.999917,,
eigenfaces,matched,blur_mild,9,0.095925,0.649126,0.127334,0.020582,,
eigenfaces,matched,blur_strong,9,0.076401,0.619245,0.279287,0.133416,,
eigenfaces,matched,face_box,9,0.068761,0.589915,0.981324,0.971012,,
eigenfaces,matched,none,10,0.135823,0.712015,0.120543,0.009992,,
eigenfaces,matched,eye_bar,10,0.084041,0.617884,0.996604,0.994781,,
eigenfaces,matched,eyes_nose_bar,10,0.070458,0.608266,1.000000,0.999736,,
eigenfaces,matched,blur_mild,10,0.117997,0.692920,0.149406,0.021292,,
eigenfaces,matched,blur_strong,10,0.095076,0.664152,0.348896,0.141014,,
eigenfaces,matched,face_box,10,0.075552,0.619232,0.988115,0.971513,,
eigenfaces,matched,none,11,0.125637,0.698129,0.111205,0.009992,,
eigenfaces,matched,eye_bar,11,0.085739,0.608781,0.996604,0.997537,,
eigenfaces,matched,eyes_nose_bar,11,0.078098,0.597559,1.000000,0.999917,,
eigenfaces,matched,blur_mild,11,0.104414,0.670393,0.134126,0.019733,,
eigenfaces,matched,blur_strong,11,0.093379,0.637581,0.303905,0.135865,,
eigenfaces,matched,face_box,11,0.067912,0.602410,0.983871,0.974130,,
eigenfaces,matched,none,12,0.117148,0.675327,0.108659,0.009992,,
eigenfaces,matched,eye_bar,12,0.082343,0.599631,0.995756,0.993362,,
eigenfaces,matched,eyes_nose_bar,12,0.079796,0.589945,0.999151,0.999736,,
eigenfaces,matched,blur_mild,12,0.104414,0.655226,0.125637,0.018857,,
eigenfaces,matched,blur_strong,12,0.089134,0.625267,0.286078,0.122436,,
eigenfaces,matched,face_box,12,0.084890,0.596170,0.974533,0.958056,,
eigenfaces,matched,none,13,0.130730,0.684088,0.117997,0.009992,,
eigenfaces,matched,eye_bar,13,0.071307,0.608660,0.991511,0.993738,,
eigenfaces,matched,eyes_nose_bar,13,0.064516,0.599262,0.995756,0.999666,,
eigenfaces,matched,blur_mild,13,0.107810,0.664302,0.139219,0.020220,,
eigenfaces,matched,blur_strong,13,0.092530,0.641513,0.307301,0.131955,,
eigenfaces,matched,face_box,13,0.067063,0.615190,0.971986,0.959893,,
eigenfaces,matched,none,14,0.123939,0.680834,0.103565,0.009992,,
eigenfaces,matched,eye_bar,14,0.101019,0.608308,0.996604,0.996062,,
eigenfaces,matched,eyes_nose_bar,14,0.097623,0.597345,1.000000,1.000000,,
eigenfaces,matched,blur_mild,14,0.115450,0.664107,0.128183,0.018982,,
eigenfaces,matched,blur_strong,14,0.096774,0.642469,0.305603,0.122812,,
eigenfaces,matched,face_box,14,0.072156,0.608836,0.984720,0.969370,,
eigenfaces,matched,none,15,0.096774,0.669981,0.083192,0.009992,,
eigenfaces,matched,eye_bar,15,0.059423,0.594945,0.996604,0.995129,,
eigenfaces,matched,eyes_nose_bar,15,0.055178,0.585287,1.000000,0.999819,,
eigenfaces,matched,blur_mild,15,0.084890,0.655619,0.112054,0.019636,,
eigenfaces,matched,blur_strong,15,0.083192,0.629468,0.277589,0.132720,,
eigenfaces,matched,face_box,15,0.064516,0.602593,0.985569,0.973629,,
eigenfaces,matched,none,16,0.119694,0.669552,0.095925,0.009992,,
eigenfaces,matched,eye_bar,16,0.077250,0.595726,0.994058,0.993835,,
eigenfaces,matched,eyes_nose_bar,16,0.078947,0.588835,0.999151,0.999861,,
eigenfaces,matched,blur_mild,16,0.101019,0.657268,0.117148,0.019511,,
eigenfaces,matched,blur_strong,16,0.084041,0.633752,0.292020,0.127251,,
eigenfaces,matched,face_box,16,0.070458,0.602516,0.983022,0.975104,,
eigenfaces,matched,none,17,0.109508,0.676652,0.094228,0.009992,,
eigenfaces,matched,eye_bar,17,0.080645,0.594697,0.997453,0.996813,,
eigenfaces,matched,eyes_nose_bar,17,0.072156,0.588518,1.000000,0.999805,,
eigenfaces,matched,blur_mild,17,0.091681,0.662004,0.117997,0.021821,,
eigenfaces,matched,blur_strong,17,0.073854,0.636315,0.330221,0.153288,,
eigenfaces,matched,face_box,17,0.063667,0.607952,0.988964,0.978012,,
eigenfaces,matched,none,18,0.104414,0.686921,0.079796,0.009992,,
eigenfaces,matched,eye_bar,18,0.073005,0.601257,0.994907,0.995171,,
eigenfaces,matched,eyes_nose_bar,18,0.066214,0.596175,1.000000,0.999944,,
eigenfaces,matched,blur_mild,18,0.083192,0.668337,0.101019,0.018342,,
eigenfaces,matched,blur_strong,18,0.065365,0.636041,0.273345,0.118637,,
eigenfaces,matched,face_box,18,0.071307,0.608462,0.988115,0.970330,,
eigenfaces,matched,none,19,0.118846,0.689858,0.106961,0.009992,,
eigenfaces,matched,eye_bar,19,0.078947,0.603813,0.993209,0.995477,,
eigenfaces,matched,eyes_nose_bar,19,0.069610,0.591046,1.000000,0.999805,,
eigenfaces,matched,blur_mild,19,0.106961,0.668557,0.130730,0.020638,,
eigenfaces,matched,blur_strong,19,0.082343,0.634590,0.297963,0.138134,,
eigenfaces,matched,face_box,19,0.061969,0.604033,0.985569,0.969217,,
pixels,clean,none,0,0.100170,0.647568,0.061121,0.009992,,
pixels,clean,eye_bar,0,0.093379,0.647692,0.010187,0.000557,,
pixels,clean,eyes_nose_bar,0,0.056876,0.634899,0.002547,0.000083,,
pixels,clean,blur_mild,0,0.094228,0.644346,0.063667,0.012107,,
pixels,clean,blur_strong,0,0.085739,0.640497,0.038200,0.006095,,
pixels,clean,face_box,0,0.033956,0.581492,0.003396,0.000473,,
pixels,clean,none,1,0.096774,0.641284,0.034805,0.009992,,
pixels,clean,eye_bar,1,0.068761,0.640956,0.005942,0.000139,,
pixels,clean,eyes_nose_bar,1,0.054329,0.625831,0.000000,0.000028,,
pixels,clean,blur_mild,1,0.092530,0.637680,0.038200,0.012093,,
pixels,clean,blur_strong,1,0.082343,0.634028,0.028862,0.006346,,
pixels,clean,face_box,1,0.026316,0.580270,0.000849,0.000598,,
pixels,clean,none,2,0.078947,0.623356,0.033956,0.009992,,
pixels,clean,eye_bar,2,0.072156,0.620290,0.004244,0.000543,,
pixels,clean,eyes_nose_bar,2,0.053480,0.607632,0.001698,0.000195,,
pixels,clean,blur_mild,2,0.076401,0.620294,0.036503,0.011258,,
pixels,clean,blur_strong,2,0.067912,0.615169,0.018676,0.004481,,
pixels,clean,face_box,2,0.024618,0.566175,0.000000,0.000640,,
pixels,clean,none,3,0.086587,0.637218,0.037351,0.009992,,
pixels,clean,eye_bar,3,0.074703,0.638181,0.005093,0.000237,,
pixels,clean,eyes_nose_bar,3,0.052632,0.630768,0.001698,0.000014,,
pixels,clean,blur_mild,3,0.080645,0.633760,0.036503,0.011773,,
pixels,clean,blur_strong,3,0.072156,0.630035,0.018676,0.005302,,
pixels,clean,face_box,3,0.028014,0.582915,0.000000,0.000278,,
pixels,clean,none,4,0.080645,0.619398,0.043294,0.009992,,
pixels,clean,eye_bar,4,0.075552,0.617662,0.005942,0.000320,,
pixels,clean,eyes_nose_bar,4,0.058574,0.611439,0.000000,0.000000,,
pixels,clean,blur_mild,4,0.082343,0.615718,0.045840,0.011871,,
pixels,clean,blur_strong,4,0.070458,0.611857,0.027165,0.006276,,
pixels,clean,face_box,4,0.037351,0.579312,0.000000,0.000000,,
pixels,clean,none,5,0.105263,0.614426,0.045840,0.009992,,
pixels,clean,eye_bar,5,0.084041,0.610135,0.007640,0.000334,,
pixels,clean,eyes_nose_bar,5,0.067912,0.601549,0.000000,0.000000,,
pixels,clean,blur_mild,5,0.095925,0.610513,0.050085,0.011523,,
pixels,clean,blur_strong,5,0.081494,0.605409,0.024618,0.006346,,
pixels,clean,face_box,5,0.029711,0.569438,0.000000,0.000014,,
pixels,clean,none,6,0.099321,0.642052,0.042445,0.009992,,
pixels,clean,eye_bar,6,0.093379,0.644064,0.003396,0.000264,,
pixels,clean,eyes_nose_bar,6,0.070458,0.628934,0.000000,0.000014,,
pixels,clean,blur_mild,6,0.095076,0.638039,0.041596,0.011926,,
pixels,clean,blur_strong,6,0.084041,0.634293,0.020374,0.005288,,
pixels,clean,face_box,6,0.044992,0.576824,0.000000,0.000070,,
pixels,clean,none,7,0.094228,0.659361,0.051783,0.009992,,
pixels,clean,eye_bar,7,0.089983,0.660792,0.011885,0.000264,,
pixels,clean,eyes_nose_bar,7,0.079796,0.648823,0.004244,0.000111,,
pixels,clean,blur_mild,7,0.087436,0.656043,0.055178,0.011453,,
pixels,clean,blur_strong,7,0.075552,0.651645,0.032258,0.005914,,
pixels,clean,face_box,7,0.054329,0.594707,0.002547,0.000557,,
pixels,clean,none,8,0.100170,0.647247,0.062818,0.009992,,
pixels,clean,eye_bar,8,0.097623,0.644833,0.011885,0.000557,,
pixels,clean,eyes_nose_bar,8,0.072156,0.630697,0.000849,0.000097,,
pixels,clean,blur_mild,8,0.093379,0.643813,0.061969,0.011940,,
pixels,clean,blur_strong,8,0.089134,0.639849,0.036503,0.006569,,
pixels,clean,face_box,8,0.046689,0.589626,0.000849,0.000125,,
pixels,clean,none,9,0.088285,0.638541,0.046689,0.009992,,
pixels,clean,eye_bar,9,0.085739,0.640463,0.006791,0.000320,,
pixels,clean,eyes_nose_bar,9,0.060272,0.628285,0.002547,0.000014,,
pixels,clean,blur_mild,9,0.080645,0.635456,0.048387,0.012079,,
pixels,clean,blur_strong,9,0.074703,0.633928,0.033956,0.006986,,
pixels,clean,face_box,9,0.044992,0.582578,0.001698,0.000000,,
pixels,clean,none,10,0.091681,0.648535,0.039049,0.009992,,
pixels,clean,eye_bar,10,0.093379,0.647203,0.008489,0.000195,,
pixels,clean,eyes_nose_bar,10,0.073854,0.629374,0.004244,0.000056,,
pixels,clean,blur_mild,10,0.088285,0.645005,0.041596,0.012260,,
pixels,clean,blur_strong,10,0.084890,0.642883,0.026316,0.006068,,
pixels,clean,face_box,10,0.045840,0.575283,0.005942,0.000292,,
pixels,clean,none,11,0.109508,0.637914,0.051783,0.009992,,
pixels,clean,eye_bar,11,0.092530,0.631456,0.007640,0.000195,,
pixels,clean,eyes_nose_bar,11,0.061121,0.619936,0.000000,0.000000,,
pixels,clean,blur_mild,11,0.100170,0.633898,0.056876,0.012135,,
pixels,clean,blur_strong,11,0.092530,0.630159,0.033956,0.006443,,
pixels,clean,face_box,11,0.039898,0.581252,0.000000,0.000000,,
pixels,clean,none,12,0.096774,0.639929,0.056876,0.009992,,
pixels,clean,eye_bar,12,0.084890,0.639302,0.005942,0.000584,,
pixels,clean,eyes_nose_bar,12,0.068761,0.623992,0.002547,0.000014,,
pixels,clean,blur_mild,12,0.089983,0.636439,0.059423,0.011467,,
pixels,clean,blur_strong,12,0.084041,0.631286,0.029711,0.006054,,
pixels,clean,face_box,12,0.054329,0.572230,0.001698,0.000000,,
pixels,clean,none,13,0.112054,0.660119,0.050934,0.009992,,
pixels,clean,eye_bar,13,0.104414,0.655900,0.007640,0.000111,,
pixels,clean,eyes_nose_bar,13,0.077250,0.642019,0.000849,0.000000,,
pixels,clean,blur_mild,13,0.102716,0.656764,0.060272,0.011912,,
pixels,clean,blur_strong,13,0.095076,0.653346,0.034805,0.005302,,
pixels,clean,face_box,13,0.063667,0.592933,0.000000,0.000000,,
pixels,clean,none,14,0.093379,0.640133,0.039049,0.009992,,
pixels,clean,eye_bar,14,0.086587,0.640562,0.005093,0.000417,,
pixels,clean,eyes_nose_bar,14,0.059423,0.634426,0.000849,0.000028,,
pixels,clean,blur_mild,14,0.090832,0.636960,0.040747,0.011718,,
pixels,clean,blur_strong,14,0.078947,0.634617,0.024618,0.006666,,
pixels,clean,face_box,14,0.039049,0.583154,0.000000,0.000070,,
pixels,clean,none,15,0.095076,0.646658,0.047538,0.009992,,
pixels,clean,eye_bar,15,0.083192,0.646154,0.005942,0.000264,,
pixels,clean,eyes_nose_bar,15,0.063667,0.635163,0.001698,0.000070,,
pixels,clean,blur_mild,15,0.088285,0.642841,0.053480,0.012149,,
pixels,clean,blur_strong,15,0.087436,0.639042,0.033107,0.006903,,
pixels,clean,face_box,15,0.033107,0.585630,0.002547,0.000710,,
pixels,clean,none,16,0.097623,0.647837,0.056876,0.009992,,
pixels,clean,eye_bar,16,0.081494,0.645891,0.011885,0.000793,,
pixels,clean,eyes_nose_bar,16,0.067063,0.634647,0.002547,0.000014,,
pixels,clean,blur_mild,16,0.089983,0.645100,0.060272,0.011787,,
pixels,clean,blur_strong,16,0.084041,0.642139,0.038200,0.007181,,
pixels,clean,face_box,16,0.029711,0.592254,0.000849,0.000264,,
pixels,clean,none,17,0.092530,0.642155,0.042445,0.009992,,
pixels,clean,eye_bar,17,0.095076,0.634792,0.005093,0.000139,,
pixels,clean,eyes_nose_bar,17,0.074703,0.625727,0.000000,0.000000,,
pixels,clean,blur_mild,17,0.087436,0.639028,0.046689,0.011898,,
pixels,clean,blur_strong,17,0.081494,0.635768,0.025467,0.006680,,
pixels,clean,face_box,17,0.054329,0.587700,0.000000,0.000000,,
pixels,clean,none,18,0.079796,0.645216,0.039049,0.009992,,
pixels,clean,eye_bar,18,0.069610,0.646137,0.005942,0.000334,,
pixels,clean,eyes_nose_bar,18,0.046689,0.636942,0.000849,0.000042,,
pixels,clean,blur_mild,18,0.069610,0.641899,0.040747,0.012316,,
pixels,clean,blur_strong,18,0.061969,0.638476,0.027165,0.007362,,
pixels,clean,face_box,18,0.032258,0.585480,0.001698,0.000181,,
pixels,clean,none,19,0.098472,0.639422,0.049236,0.009992,,
pixels,clean,eye_bar,19,0.084890,0.639510,0.007640,0.000292,,
pixels,clean,eyes_nose_bar,19,0.061121,0.632145,0.002547,0.000000,,
pixels,clean,blur_mild,19,0.091681,0.635963,0.052632,0.011690,,
pixels,clean,blur_strong,19,0.079796,0.631927,0.029711,0.007376,,
pixels,clean,face_box,19,0.037351,0.585880,0.000000,0.000000,,
pixels,matched,none,0,0.100170,0.647568,0.061121,0.009992,,
pixels,matched,eye_bar,0,0.091681,0.645975,0.185059,0.051101,,
pixels,matched,eyes_nose_bar,0,0.092530,0.640180,0.346350,0.167274,,
pixels,matched,blur_mild,0,0.089983,0.643176,0.074703,0.016435,,
pixels,matched,blur_strong,0,0.084890,0.642956,0.054329,0.011397,,
pixels,matched,face_box,0,0.084041,0.618161,0.489813,0.316513,,
pixels,matched,none,1,0.096774,0.641284,0.034805,0.009992,,
pixels,matched,eye_bar,1,0.082343,0.635515,0.128183,0.039592,,
pixels,matched,eyes_nose_bar,1,0.076401,0.629107,0.279287,0.129018,,
pixels,matched,blur_mild,1,0.088285,0.636517,0.046689,0.015545,,
pixels,matched,blur_strong,1,0.079796,0.635614,0.039898,0.010590,,
pixels,matched,face_box,1,0.069610,0.610220,0.392190,0.245818,,
pixels,matched,none,2,0.078947,0.623356,0.033956,0.009992,,
pixels,matched,eye_bar,2,0.074703,0.620316,0.140068,0.047775,,
pixels,matched,eyes_nose_bar,2,0.065365,0.613458,0.286078,0.156879,,
pixels,matched,blur_mild,2,0.077250,0.618608,0.050934,0.015698,,
pixels,matched,blur_strong,2,0.066214,0.614539,0.032258,0.010855,,
pixels,matched,face_box,2,0.062818,0.591641,0.412564,0.293259,,
pixels,matched,none,3,0.086587,0.637218,0.037351,0.009992,,
pixels,matched,eye_bar,3,0.077250,0.637208,0.112054,0.037073,,
pixels,matched,eyes_nose_bar,3,0.071307,0.633720,0.287776,0.118943,,
pixels,matched,blur_mild,3,0.078098,0.633037,0.044143,0.015350,,
pixels,matched,blur_strong,3,0.065365,0.632411,0.033107,0.010020,,
pixels,matched,face_box,3,0.068761,0.613471,0.406621,0.237705,,
pixels,matched,none,4,0.080645,0.619398,0.043294,0.009992,,
pixels,matched,eye_bar,4,0.072156,0.618652,0.123090,0.039912,,
pixels,matched,eyes_nose_bar,4,0.064516,0.617058,0.263158,0.133597,,
pixels,matched,blur_mild,4,0.080645,0.613951,0.060272,0.015350,,
pixels,matched,blur_strong,4,0.067063,0.613665,0.044992,0.010729,,
pixels,matched,face_box,4,0.063667,0.606217,0.405772,0.259164,,
pixels,matched,none,5,0.105263,0.614426,0.045840,0.009992,,
pixels,matched,eye_bar,5,0.085739,0.612063,0.146010,0.041958,,
pixels,matched,eyes_nose_bar,5,0.075552,0.608984,0.275042,0.137479,,
pixels,matched,blur_mild,5,0.091681,0.608649,0.057725,0.015698,,
pixels,matched,blur_strong,5,0.084041,0.605963,0.045840,0.010674,,
pixels,matched,face_box,5,0.072156,0.596651,0.399830,0.265552,,
pixels,matched,none,6,0.099321,0.642052,0.042445,0.009992,,
pixels,matched,eye_bar,6,0.084041,0.642251,0.135823,0.046522,,
pixels,matched,eyes_nose_bar,6,0.076401,0.636260,0.305603,0.143018,,
pixels,matched,blur_mild,6,0.090832,0.636724,0.053480,0.015976,,
pixels,matched,blur_strong,6,0.083192,0.636506,0.041596,0.009769,,
pixels,matched,face_box,6,0.070458,0.612512,0.419355,0.266540,,
pixels,matched,none,7,0.094228,0.659361,0.051783,0.009992,,
pixels,matched,eye_bar,7,0.086587,0.659236,0.166384,0.043850,,
pixels,matched,eyes_nose_bar,7,0.084041,0.651853,0.325127,0.158632,,
pixels,matched,blur_mild,7,0.087436,0.654484,0.061969,0.014306,,
pixels,matched,blur_strong,7,0.082343,0.653356,0.051783,0.009561,,
pixels,matched,face_box,7,0.067912,0.625839,0.500000,0.320062,,
pixels,matched,none,8,0.100170,0.647247,0.062818,0.009992,,
pixels,matched,eye_bar,8,0.089983,0.642968,0.198642,0.058435,,
pixels,matched,eyes_nose_bar,8,0.087436,0.634442,0.383701,0.198169,,
pixels,matched,blur_mild,8,0.089134,0.642266,0.077250,0.014988,,
pixels,matched,blur_strong,8,0.084890,0.641115,0.049236,0.010743,,
pixels,matched,face_box,8,0.082343,0.612153,0.522071,0.364023,,
pixels,matched,none,9,0.088285,0.638541,0.046689,0.009992,,
pixels,matched,eye_bar,9,0.074703,0.641120,0.132428,0.044421,,
pixels,matched,eyes_nose_bar,9,0.074703,0.639048,0.333616,0.153191,,
pixels,matched,blur_mild,9,0.083192,0.634109,0.061121,0.015948,,
pixels,matched,blur_strong,9,0.074703,0.636768,0.044143,0.011495,,
pixels,matched,face_box,9,0.072156,0.621323,0.481324,0.298645,,
pixels,matched,none,10,0.091681,0.648535,0.039049,0.009992,,
pixels,matched,eye_bar,10,0.085739,0.645885,0.129881,0.038200,,
pixels,matched,eyes_nose_bar,10,0.088285,0.639642,0.259762,0.115450,,
pixels,matched,blur_mild,10,0.084890,0.643620,0.049236,0.016073,,
pixels,matched,blur_strong,10,0.086587,0.644312,0.039049,0.010521,,
pixels,matched,face_box,10,0.077250,0.617624,0.385399,0.229007,,
pixels,matched,none,11,0.109508,0.637914,0.051783,0.009992,,
pixels,matched,eye_bar,11,0.096774,0.635594,0.149406,0.045284,,
pixels,matched,eyes_nose_bar,11,0.089983,0.630360,0.298812,0.139066,,
pixels,matched,blur_mild,11,0.099321,0.632351,0.066214,0.016477,,
pixels,matched,blur_strong,11,0.095925,0.631846,0.050934,0.010688,,
pixels,matched,face_box,11,0.071307,0.611080,0.393888,0.247906,,
pixels,matched,none,12,0.096774,0.639929,0.056876,0.009992,,
pixels,matched,eye_bar,12,0.093379,0.635810,0.157895,0.051685,,
pixels,matched,eyes_nose_bar,12,0.089983,0.627281,0.343803,0.171157,,
pixels,matched,blur_mild,12,0.093379,0.635575,0.067063,0.014445,,
pixels,matched,blur_strong,12,0.089134,0.633333,0.044143,0.009867,,
pixels,matched,face_box,12,0.081494,0.604096,0.489813,0.336233,,
pixels,matched,none,13,0.112054,0.660119,0.050934,0.009992,,
pixels,matched,eye_bar,13,0.097623,0.658914,0.156197,0.036489,,
pixels,matched,eyes_nose_bar,13,0.101019,0.655122,0.276740,0.104192,,
pixels,matched,blur_mild,13,0.106961,0.655360,0.071307,0.015405,,
pixels,matched,blur_strong,13,0.098472,0.655820,0.059423,0.010131,,
pixels,matched,face_box,13,0.095925,0.634707,0.394737,0.198057,,
pixels,matched,none,14,0.093379,0.640133,0.039049,0.009992,,
pixels,matched,eye_bar,14,0.082343,0.640463,0.139219,0.040093,,
pixels,matched,eyes_nose_bar,14,0.083192,0.635487,0.286078,0.134696,,
pixels,matched,blur_mild,14,0.085739,0.636339,0.052632,0.015071,,
pixels,matched,blur_strong,14,0.077250,0.639077,0.039898,0.010201,,
pixels,matched,face_box,14,0.071307,0.612549,0.414261,0.263297,,
pixels,matched,none,15,0.095076,0.646658,0.047538,0.009992,,
pixels,matched,eye_bar,15,0.087436,0.649427,0.117148,0.038840,,
pixels,matched,eyes_nose_bar,15,0.087436,0.647392,0.259762,0.118887,,
pixels,matched,blur_mild,15,0.085739,0.641760,0.058574,0.015322,,
pixels,matched,blur_strong,15,0.084890,0.641464,0.045840,0.010479,,
pixels,matched,face_box,15,0.084890,0.627452,0.395586,0.231902,,
pixels,matched,none,16,0.097623,0.647837,0.056876,0.009992,,
pixels,matched,eye_bar,16,0.084041,0.651593,0.168930,0.053244,,
pixels,matched,eyes_nose_bar,16,0.079796,0.647857,0.378608,0.190515,,
pixels,matched,blur_mild,16,0.090832,0.644042,0.067912,0.015642,,
pixels,matched,blur_strong,16,0.084041,0.643345,0.057725,0.010896,,
pixels,matched,face_box,16,0.073005,0.624800,0.539049,0.355479,,
pixels,matched,none,17,0.092530,0.642155,0.042445,0.009992,,
pixels,matched,eye_bar,17,0.087436,0.643213,0.129032,0.038506,,
pixels,matched,eyes_nose_bar,17,0.084041,0.641827,0.278438,0.124008,,
pixels,matched,blur_mild,17,0.089134,0.637584,0.052632,0.015238,,
pixels,matched,blur_strong,17,0.079796,0.638255,0.041596,0.011091,,
pixels,matched,face_box,17,0.073005,0.623444,0.404924,0.240822,,
pixels,matched,none,18,0.079796,0.645216,0.039049,0.009992,,
pixels,matched,eye_bar,18,0.066214,0.645098,0.123090,0.037727,,
pixels,matched,eyes_nose_bar,18,0.067912,0.640610,0.274194,0.125804,,
pixels,matched,blur_mild,18,0.070458,0.640963,0.050934,0.015169,,
pixels,matched,blur_strong,18,0.063667,0.640215,0.039898,0.010896,,
pixels,matched,face_box,18,0.054329,0.619505,0.425297,0.265969,,
pixels,matched,none,19,0.098472,0.639422,0.049236,0.009992,,
pixels,matched,eye_bar,19,0.089134,0.641204,0.148557,0.038896,,
pixels,matched,eyes_nose_bar,19,0.085739,0.639352,0.307301,0.124718,,
pixels,matched,blur_mild,19,0.090832,0.634732,0.062818,0.014849,,
pixels,matched,blur_strong,19,0.084041,0.635541,0.045840,0.011091,,
pixels,matched,face_box,19,0.072156,0.616805,0.424448,0.249144,,
